,datetime,creator_character_id,guild_id,n_added_characters,n_removed_characters,n_talents,level,n_missions_completed,n_times_flag_turned_on,mean_place,mean_rating,n_seasons,n_characters,energy_delta,cluster,is_premuim
0,2022-12-12 23:13:42,15092203,78698,1,1,0,1,0,0,,0.0,0,0,0.0,1,False
1,2022-12-12 22:29:09,15961764,78604,2,2,0,1,0,0,,0.0,0,0,0.0,1,False
2,2022-12-12 21:01:53,16187808,78510,27,19,9,2,171,0,,0.0,0,8,24680.0,3,True
3,2022-12-12 00:16:52,21618959,77899,42,35,12,3,171,0,,0.0,0,7,37480.0,3,False
4,2022-12-12 22:13:50,23341705,78557,6,6,4,2,156,0,,0.0,0,0,11140.0,3,False
5,2022-12-12 00:26:46,23748506,77946,4,3,4,2,169,0,,0.0,0,1,8900.0,3,False
6,2022-12-12 19:43:20,23909299,78369,94,83,24,4,224,0,,0.0,0,11,242020.0,0,False
7,2022-12-12 00:07:19,24425304,77805,27,15,5,2,170,0,,0.0,0,12,16640.0,3,False
8,2022-12-12 20:06:29,25081103,78416,1,1,0,1,2,0,,0.0,0,0,280.0,1,False
9,2022-12-12 15:29:23,25567139,78228,11,11,0,1,8,0,,0.0,0,0,6440.0,1,True
10,2022-12-12 20:28:14,25629676,78463,53,46,25,4,226,3,20.0,478.0,1,7,180000.0,0,True
11,2022-12-12 22:31:00,25652331,78651,1,0,0,1,86,0,,0.0,0,1,0.0,1,True
12,2022-12-12 03:36:38,25797024,78040,82,70,20,3,168,1,15.0,458.0,1,12,95340.0,0,True
13,2022-12-12 17:53:08,26186023,78275,24,17,10,2,170,0,,0.0,0,7,30900.0,3,False
14,2022-12-12 18:43:40,26232897,78322,85,76,16,3,231,2,10.5,485.5,2,9,111900.0,0,False
15,2022-12-12 04:28:27,26349093,78134,8,0,1,1,169,0,,0.0,0,8,4320.0,3,False
16,2022-12-12 00:15:27,26359328,77852,89,79,11,3,171,0,,0.0,0,10,33160.0,0,False
17,2022-12-12 04:35:03,26467428,78181,41,35,9,3,169,0,,0.0,0,6,34420.0,3,False
18,2022-12-12 01:23:31,26490083,77993,13,13,0,1,0,0,,0.0,0,0,0.0,1,True
19,2022-12-12 03:47:33,26512899,78087,40,33,11,3,168,0,,0.0,0,7,24400.0,3,False
20,2022-12-12 23:23:43,26573412,78745,10,1,1,1,170,0,,0.0,0,9,3640.0,3,True
21,2022-11-05 02:19:39,13793922,52472,2,0,0,1,86,0,,0.0,0,2,0.0,1,False
22,2022-11-05 15:09:11,19718009,52613,130,119,22,4,164,0,,0.0,0,11,102580.0,0,False
23,2022-11-05 20:54:50,20013628,52660,25,19,9,2,167,0,,0.0,0,6,27020.0,3,False
24,2022-11-05 05:31:13,21263862,52519,191,178,26,4,174,8,16.25,449.5,4,13,131120.0,0,False
25,2022-11-05 13:34:57,21331505,52566,20,20,11,3,31,0,,0.0,0,0,29920.0,1,True
26,2022-11-11 18:42:28,17334404,54822,2,2,0,1,0,0,,0.0,0,0,0.0,1,True
27,2022-11-11 15:54:54,19290278,54728,1,1,0,1,21,0,,0.0,0,0,0.0,1,False
28,2022-11-11 18:38:12,20187048,54775,55,52,25,4,167,0,,0.0,0,3,92120.0,3,False
29,2022-11-11 04:47:33,21909794,54681,3,0,0,1,86,0,,0.0,0,3,4480.0,1,False
30,2022-12-07 23:43:22,25502969,74092,64,41,92,8,265,0,,0.0,0,23,1651500.0,2,False
31,2022-11-15 22:45:43,22061088,56420,14,14,1,1,1,0,,0.0,0,0,1960.0,1,False
32,2022-11-27 05:17:23,12140498,62953,70,68,11,3,171,0,,0.0,0,2,40740.0,3,False
33,2022-11-27 17:37:07,13161077,63470,78,58,40,5,227,2,5.0,604.0,1,20,554387.0,2,False
34,2022-11-27 20:16:42,13547339,63517,2,1,1,1,164,0,,0.0,0,1,1680.0,3,True
35,2022-11-27 05:06:13,15913050,62859,106,103,19,3,171,0,,0.0,0,3,57260.0,3,True
36,2022-11-27 14:31:19,17157810,63282,44,39,6,2,171,0,,0.0,0,5,22480.0,3,False
37,2022-11-27 00:51:14,17342523,62483,155,143,33,4,169,0,,0.0,0,12,162480.0,0,False
38,2022-11-27 17:09:10,18775791,63423,21,14,4,2,167,0,,0.0,0,7,13040.0,3,False
39,2022-11-27 12:47:23,20453273,63141,16,12,8,2,167,0,,0.0,0,4,12560.0,3,False
40,2022-11-27 05:14:38,21589841,62906,49,42,18,3,171,0,,0.0,0,7,69220.0,3,False
41,2022-11-27 08:47:52,21662291,63000,92,84,24,4,171,0,,0.0,0,8,87960.0,0,False
42,2022-11-27 12:32:55,21711097,63094,86,77,18,3,171,2,18.0,479.0,1,9,76260.0,0,False
43,2022-11-27 00:46:17,21946341,62436,55,49,15,3,225,0,,0.0,0,6,91680.0,3,False
44,2022-11-27 13:09:39,22213739,63188,97,83,40,5,218,1,11.0,484.0,1,14,251630.0,0,False
45,2022-11-27 01:01:55,22262683,62530,4,3,1,1,133,0,,0.0,0,1,6540.0,3,False
46,2022-11-27 01:31:53,22298287,62624,1,1,0,1,10,0,,0.0,0,0,0.0,1,False
47,2022-11-27 21:13:51,22321310,63564,1,1,0,1,0,0,,0.0,0,0,0.0,1,False
48,2022-11-27 02:51:39,22509864,62718,2,0,0,1,86,0,,0.0,0,2,1400.0,1,False
49,2022-11-27 11:08:06,22768637,63047,29,24,24,4,171,0,,0.0,0,5,94520.0,0,False
50,2022-11-27 16:48:51,23684589,63376,107,104,17,3,170,0,,0.0,0,3,52680.0,3,False
51,2022-11-27 04:23:28,23760650,62812,9,2,0,1,86,0,,0.0,0,7,6720.0,1,True
52,2022-11-27 14:38:07,23815666,63329,10,2,0,1,86,0,,0.0,0,8,3360.0,1,False
53,2022-11-27 14:23:52,23861321,63235,16,16,9,2,29,0,,0.0,0,0,13300.0,1,True
54,2022-11-27 03:20:34,23970479,62765,31,30,7,2,171,0,,0.0,0,1,20400.0,3,False
55,2022-11-27 01:57:37,23981427,62671,11,10,1,1,167,0,,0.0,0,1,2800.0,3,True
56,2022-11-27 01:16:22,24081063,62577,16,8,0,1,86,0,,0.0,0,8,8400.0,1,True
57,2022-11-27 21:37:35,24226952,63611,3,1,0,1,85,0,,0.0,0,2,1120.0,1,True
58,2022-12-18 19:20:18,22902382,83445,2,0,0,1,86,0,,0.0,0,2,1400.0,1,False
59,2022-12-18 00:20:53,25433532,82881,2,0,0,1,86,0,,0.0,0,2,0.0,1,False
60,2022-12-18 11:42:09,25874235,83163,137,120,26,4,196,0,,0.0,0,17,172680.0,0,False
61,2022-12-18 17:38:27,25952159,83351,1,1,0,1,3,0,,0.0,0,0,0.0,1,False
62,2022-12-18 19:04:02,26036523,83398,19,13,7,2,171,0,,0.0,0,6,21560.0,3,False
63,2022-12-18 00:45:22,26061409,82975,94,81,62,6,235,0,,0.0,0,13,703954.0,2,False
64,2022-12-18 05:51:03,26408042,83116,2,0,0,1,86,0,,0.0,0,2,560.0,1,False
65,2022-12-18 12:03:48,26497995,83257,13,5,1,1,165,0,,0.0,0,8,2800.0,3,False
66,2022-12-18 02:58:21,27005927,83022,2,2,0,1,0,0,,0.0,0,0,0.0,1,False
67,2022-12-18 22:48:21,27164305,83539,23,21,8,2,171,0,,0.0,0,2,25720.0,3,True
68,2022-12-18 00:34:46,27338783,82928,23,21,9,2,171,0,,0.0,0,2,15740.0,3,False
69,2022-12-18 12:03:47,27365647,83210,1,1,0,1,2,0,,0.0,0,0,0.0,1,False
70,2022-12-18 22:28:32,27369833,83492,2,2,0,1,21,0,,0.0,0,0,840.0,1,False
71,2022-12-18 04:44:40,27447205,83069,1,0,0,1,86,0,,0.0,0,1,0.0,1,False
72,2022-12-18 17:04:04,27516642,83304,1,1,0,1,1,0,,0.0,0,0,280.0,1,False
73,2022-12-24 23:23:51,28487633,90965,9,9,9,2,28,0,,0.0,0,0,14720.0,1,True
74,2022-11-21 13:28:00,12022761,58864,1,1,0,1,0,0,,0.0,0,0,0.0,1,True
75,2022-11-21 00:56:39,21507892,58629,3,0,3,1,165,0,,0.0,0,3,7720.0,3,False
76,2022-11-21 06:31:31,22124154,58770,12,9,3,2,167,0,,0.0,0,3,7140.0,3,False
77,2022-11-21 13:28:55,22405950,58911,47,46,18,3,167,0,,0.0,0,1,75820.0,3,False
78,2022-11-21 01:47:04,22421245,58676,6,6,0,1,34,0,,0.0,0,0,280.0,1,False
79,2022-11-21 03:32:15,22752721,58723,57,45,20,4,170,4,9.5,497.5,2,12,67580.0,0,False
80,2022-11-21 13:14:26,22906499,58817,108,90,62,6,244,1,,0.0,0,18,958969.0,2,True
81,2022-12-02 22:05:18,24905314,69674,67,65,9,3,166,0,,0.0,0,2,47560.0,3,True
82,2022-12-24 10:50:42,18694739,90166,83,62,109,8,279,0,,0.0,0,21,1847185.0,2,False
83,2022-12-24 12:11:41,21796565,90260,113,100,24,4,172,0,,0.0,0,13,84780.0,0,False
84,2022-12-24 10:42:48,23781511,90119,18,12,2,1,173,0,,0.0,0,6,11500.0,3,True
85,2022-12-24 05:16:39,25902870,89837,11,6,7,2,173,0,,0.0,0,5,13420.0,3,True
86,2022-12-24 09:57:40,26015202,90072,1,1,0,1,0,0,,0.0,0,0,0.0,1,False
87,2022-12-24 13:45:52,26152075,90307,53,52,15,3,172,0,,0.0,0,1,72520.0,3,False
88,2022-12-24 06:40:59,26623046,89931,36,34,8,2,170,0,,0.0,0,2,19460.0,3,False
89,2022-12-24 16:54:30,26948105,90542,3,3,0,1,1,0,,0.0,0,0,840.0,1,True
90,2022-12-24 20:17:07,27040703,90730,128,113,44,5,211,0,,0.0,0,15,462760.0,0,False
91,2022-12-24 05:30:07,27371305,89884,54,40,19,3,172,1,,0.0,0,14,70160.0,0,False
92,2022-12-24 12:00:43,27501485,90213,33,29,15,3,171,0,,0.0,0,4,43780.0,3,False
93,2022-12-24 16:38:42,27550015,90495,3,3,0,1,0,0,,0.0,0,0,0.0,1,False
94,2022-12-24 17:28:06,27556846,90589,28,25,12,3,166,0,,0.0,0,3,33500.0,3,False
95,2022-12-24 21:56:02,27633275,90824,2,0,6,2,170,0,,0.0,0,2,9460.0,3,True
96,2022-12-24 22:00:55,27871348,90871,2,0,0,1,87,0,,0.0,0,2,280.0,1,False
97,2022-12-24 22:15:28,27916796,90918,3,3,0,1,0,0,,0.0,0,0,0.0,1,False
98,2022-12-24 00:44:36,27940210,89743,17,17,7,2,26,0,,0.0,0,0,11880.0,1,False
99,2022-12-24 08:45:55,28054152,89978,5,2,9,2,171,0,,0.0,0,3,15340.0,3,False
100,2022-12-24 18:39:07,28106040,90636,12,12,0,1,4,0,,0.0,0,0,3360.0,1,False
101,2022-12-24 16:35:28,28185528,90448,1,1,0,1,0,0,,0.0,0,0,0.0,1,False
102,2022-12-24 15:33:35,28231620,90401,20,16,11,3,173,0,,0.0,0,4,26680.0,3,False
103,2022-12-24 20:46:11,28371759,90777,91,81,20,3,172,1,,0.0,0,10,90600.0,0,False
104,2022-12-24 09:12:16,28376106,90025,11,11,0,1,1,0,,0.0,0,0,2240.0,1,False
105,2022-12-24 14:35:19,28376543,90354,12,12,0,1,2,0,,0.0,0,0,1400.0,1,True
106,2022-12-24 03:37:51,28411871,89790,62,48,19,4,170,0,,0.0,0,14,113580.0,0,True
107,2022-12-24 18:56:05,28459021,90683,16,8,5,2,173,0,,0.0,0,8,9800.0,3,False
108,2022-11-01 19:21:02,17351194,50686,118,113,27,4,171,1,,0.0,0,5,120860.0,0,False
109,2022-11-01 15:21:07,18644852,50545,33,29,8,2,170,0,,0.0,0,4,27060.0,3,False
110,2022-11-01 05:48:21,19065729,50357,61,51,21,3,170,0,,0.0,0,10,94280.0,0,False
111,2022-11-01 14:29:58,20055327,50498,1,0,0,1,86,0,,0.0,0,1,0.0,1,False
112,2022-11-01 18:55:16,20309339,50639,16,7,1,1,168,0,,0.0,0,9,10260.0,3,False
113,2022-11-01 06:04:56,20363665,50404,26,24,11,3,171,0,,0.0,0,2,24680.0,3,False
114,2022-11-01 00:25:59,20418336,50310,11,11,1,1,2,0,,0.0,0,0,1960.0,1,False
115,2022-11-01 17:34:59,20603555,50592,86,76,17,3,218,1,9.0,470.0,1,10,134650.0,0,False
116,2022-11-01 06:20:31,20623749,50451,12,12,4,1,23,0,,0.0,0,0,6440.0,1,False
117,2022-11-01 22:22:23,20849540,50733,2,2,0,1,0,0,,0.0,0,0,0.0,1,False
118,2022-12-13 09:16:37,11433754,79074,109,100,30,4,182,0,,0.0,0,9,141880.0,0,False
119,2022-12-13 23:14:41,15961764,79873,55,49,19,3,167,0,,0.0,0,6,79660.0,3,False
120,2022-12-13 17:34:20,16258970,79356,1,1,0,1,1,0,,0.0,0,0,0.0,1,False
121,2022-12-13 03:02:09,16583569,78933,37,37,14,3,93,0,,0.0,0,0,88700.0,1,False
122,2022-12-13 17:59:44,22656926,79450,74,61,34,4,176,1,,0.0,0,13,168180.0,0,False
123,2022-12-13 01:41:33,22840972,78886,3,3,0,1,5,0,,0.0,0,0,3360.0,1,True
124,2022-12-13 20:02:46,23791148,79638,3,1,0,1,86,0,,0.0,0,2,3640.0,1,False
125,2022-12-13 08:27:29,24442209,79027,88,71,59,6,238,1,,0.0,0,17,805176.0,2,False
126,2022-12-13 21:43:58,24662595,79732,22,12,10,3,169,0,,0.0,0,10,47620.0,0,False
127,2022-12-13 00:48:02,24829253,78792,2,1,0,1,86,0,,0.0,0,1,840.0,1,False
128,2022-12-13 17:47:36,25231891,79403,75,75,26,4,90,0,,0.0,0,0,96320.0,3,True
129,2022-12-13 01:02:13,25645569,78839,31,28,31,4,226,0,,0.0,0,3,169280.0,0,True
130,2022-12-13 19:13:32,25725149,79544,2,0,0,1,86,0,,0.0,0,2,1400.0,1,False
131,2022-12-13 18:43:21,26341572,79497,15,10,0,1,86,0,,0.0,0,5,6160.0,1,False
132,2022-12-13 07:52:59,26444566,78980,17,17,2,1,3,0,,0.0,0,0,3080.0,1,False
133,2022-12-13 11:32:06,26574861,79121,25,18,5,2,169,0,,0.0,0,7,9500.0,3,True
134,2022-12-13 21:54:10,26617135,79779,122,106,40,5,195,0,,0.0,0,16,248860.0,0,False
135,2022-12-13 15:00:59,26625530,79309,32,27,17,3,171,0,,0.0,0,5,64300.0,3,True
136,2022-12-13 22:18:18,26652371,79826,95,79,36,5,202,0,,0.0,0,16,213400.0,0,True
137,2022-12-13 14:40:19,26661479,79262,86,65,71,7,266,0,,0.0,0,21,1298954.0,2,True
138,2022-12-13 13:28:59,26709296,79168,113,113,30,4,182,2,23.0,475.0,1,0,141040.0,3,False
139,2022-12-13 19:44:43,26715575,79591,27,17,8,2,169,0,,0.0,0,10,13220.0,3,True
140,2022-12-13 20:10:07,26726339,79685,24,15,6,2,167,0,,0.0,0,9,23980.0,3,True
141,2022-12-13 13:59:50,26737908,79215,17,9,4,2,170,0,,0.0,0,8,13580.0,3,False
142,2022-11-06 10:48:50,15130176,52754,7,6,0,1,86,0,,0.0,0,1,280.0,1,False
143,2022-11-06 05:53:06,16264283,52707,1,1,0,1,0,0,,0.0,0,0,0.0,1,False
144,2022-11-06 11:00:59,18360112,52801,49,44,9,2,171,0,,0.0,0,5,35780.0,3,False
145,2022-11-06 13:03:10,18989852,52895,98,84,26,4,170,0,,0.0,0,14,120860.0,0,False
146,2022-11-06 16:03:25,19108624,52942,148,128,53,6,242,1,25.0,402.0,1,20,855720.0,2,True
147,2022-11-06 21:56:25,19549879,52989,110,90,60,7,253,0,,0.0,0,20,987939.0,2,False
148,2022-11-06 11:32:32,21515160,52848,74,71,28,4,171,0,,0.0,0,3,126180.0,3,True
149,2022-12-08 12:22:15,14163394,74609,5,0,0,1,86,0,,0.0,0,5,1120.0,1,False
150,2022-12-08 03:57:55,19288806,74327,3,3,0,1,7,0,,0.0,0,0,560.0,1,False
151,2022-12-08 18:42:28,19288967,74891,144,143,29,4,133,0,,0.0,0,1,165280.0,3,False
152,2022-12-08 11:39:28,19469632,74515,78,70,29,4,171,0,,0.0,0,8,122440.0,0,False
153,2022-12-08 14:28:04,22089608,74703,1,0,0,1,86,0,,0.0,0,1,280.0,1,False
154,2022-12-08 00:34:47,23714811,74186,81,76,51,6,249,0,,0.0,0,5,823368.0,0,False
155,2022-12-08 10:24:49,24826677,74374,2,2,0,1,0,0,,0.0,0,0,0.0,1,False
156,2022-12-08 11:02:13,25174483,74421,19,19,4,2,12,0,,0.0,0,0,9700.0,1,False
157,2022-12-08 01:40:08,25205073,74233,51,46,16,3,166,0,,0.0,0,5,57360.0,3,False
158,2022-12-08 12:19:49,25230419,74562,38,29,15,3,171,1,25.0,440.0,1,9,44720.0,3,True
159,2022-12-08 18:19:30,25494505,74844,55,46,11,3,170,0,,0.0,0,9,32320.0,3,False
160,2022-12-08 03:15:35,25625835,74280,2,2,0,1,5,0,,0.0,0,0,560.0,1,True
161,2022-12-08 00:05:41,25698860,74139,2,0,0,1,85,0,,0.0,0,2,1400.0,1,True
162,2022-12-08 11:24:11,25736442,74468,40,34,5,2,167,0,,0.0,0,6,17040.0,3,False
163,2022-12-08 19:55:36,25760224,74938,34,27,7,2,168,0,,0.0,0,7,12160.0,3,False
164,2022-12-08 14:19:31,25811790,74656,95,88,32,4,207,0,,0.0,0,7,186500.0,0,False
165,2022-12-08 16:18:23,25887253,74750,50,46,15,3,171,0,,0.0,0,4,47060.0,3,False
166,2022-12-08 17:03:39,25977114,74797,34,29,17,3,171,2,11.0,494.5,2,5,62340.0,3,True
167,2022-12-08 23:04:03,26026978,74985,39,39,8,2,55,0,,0.0,0,0,19640.0,1,True
168,2022-11-16 15:16:36,16654432,56608,1,0,0,1,86,0,,0.0,0,1,0.0,1,False
169,2022-11-16 20:46:56,16915298,56796,23,11,7,2,171,0,,0.0,0,12,20860.0,3,False
170,2022-11-16 06:59:41,18289893,56467,25,23,5,2,169,0,,0.0,0,2,11600.0,3,False
171,2022-11-16 10:08:24,19609219,56514,25,14,9,2,168,0,,0.0,0,11,16880.0,3,False
172,2022-11-16 18:36:46,21168849,56702,5,5,0,1,0,0,,0.0,0,0,0.0,1,False
173,2022-11-16 11:59:19,21390868,56561,31,20,9,2,168,0,,0.0,0,11,26900.0,3,False
174,2022-11-16 22:58:32,21932495,56843,113,106,65,7,255,3,2.5,535.0,2,7,882035.0,2,True
175,2022-11-16 16:07:51,22363584,56655,43,39,12,3,171,1,7.0,470.0,1,4,51940.0,3,True
176,2022-11-16 20:44:22,22450685,56749,86,78,17,3,205,0,,0.0,0,8,132780.0,0,False
177,2022-11-16 23:35:56,22465980,56890,33,32,13,3,169,0,,0.0,0,1,41940.0,3,True
178,2022-11-27 22:35:08,24340434,63658,32,26,9,2,169,0,,0.0,0,6,31980.0,3,True
179,2022-12-03 17:38:06,14740901,70567,76,62,17,3,175,0,,0.0,0,14,98600.0,0,False
180,2022-12-03 02:06:31,17765148,69815,30,25,13,3,169,0,,0.0,0,5,73360.0,3,False
181,2022-12-03 07:03:10,21073123,70097,6,3,6,2,171,0,,0.0,0,3,10480.0,3,False
182,2022-12-03 17:02:29,22113689,70473,6,6,1,1,91,0,,0.0,0,0,1120.0,1,False
183,2022-12-03 05:46:32,22570699,69956,36,36,7,2,156,4,14.0,492.0,1,0,25160.0,3,False
184,2022-12-03 16:16:37,22722775,70379,1,0,0,1,86,0,,0.0,0,1,1680.0,1,False
185,2022-12-03 14:17:09,23322454,70238,11,4,4,2,171,0,,0.0,0,7,12380.0,3,True
186,2022-12-03 12:17:18,23915509,70191,96,74,74,7,254,1,35.0,320.0,1,22,1217203.0,2,False
187,2022-12-03 00:37:32,24330337,69721,1,1,0,1,6,0,,0.0,0,0,280.0,1,False
188,2022-12-03 04:29:44,24449523,69909,12,12,1,1,1,0,,0.0,0,0,2520.0,1,False
189,2022-12-03 02:26:35,24602818,69862,22,12,5,2,167,0,,0.0,0,10,14560.0,3,True
190,2022-12-03 15:38:08,24845307,70332,79,69,13,3,171,0,,0.0,0,10,63360.0,0,False
191,2022-12-03 07:12:36,24988505,70144,36,27,4,2,171,0,,0.0,0,9,23980.0,3,True
192,2022-12-03 15:24:54,25083909,70285,37,32,11,3,171,2,28.0,410.0,1,5,28820.0,3,False
193,2022-12-03 19:04:51,25090050,70614,1,1,0,1,0,0,,0.0,0,0,0.0,1,False
194,2022-12-03 01:45:58,25229246,69768,8,3,3,1,169,0,,0.0,0,5,7960.0,3,False
195,2022-12-03 16:48:55,25251119,70426,11,4,3,1,170,0,,0.0,0,7,6000.0,3,False
196,2022-12-03 06:28:17,25254960,70003,47,47,9,2,33,0,,0.0,0,0,19140.0,1,False
197,2022-12-03 06:53:56,25287229,70050,68,65,20,3,171,0,,0.0,0,3,77600.0,3,True
198,2022-12-03 17:09:22,25351836,70520,8,3,0,1,86,0,,0.0,0,5,1960.0,1,False
199,2022-12-19 06:01:35,15508641,83774,1,1,0,1,0,0,,0.0,0,0,0.0,1,False
200,2022-12-19 20:47:49,18280187,84244,58,58,17,3,41,0,,0.0,0,0,60840.0,1,False
201,2022-12-19 11:51:42,18550759,83868,1,1,0,1,7,0,,0.0,0,0,280.0,1,False
202,2022-12-19 15:35:29,24034327,83962,1,0,0,1,86,0,,0.0,0,1,840.0,1,False
203,2022-12-19 20:18:13,24337076,84150,55,55,10,2,35,0,,0.0,0,0,29080.0,1,False
204,2022-12-19 20:46:37,24495270,84197,62,55,23,4,171,0,,0.0,0,7,122080.0,0,True
205,2022-12-19 23:41:11,25181590,84432,64,55,20,3,170,0,,0.0,0,9,59120.0,0,False
206,2022-12-19 22:24:14,26220569,84338,10,0,1,1,171,0,,0.0,0,10,2800.0,3,False
207,2022-12-19 23:09:12,26562142,84385,2,1,0,1,86,0,,0.0,0,1,560.0,1,False
208,2022-12-19 19:35:04,26719416,84103,20,14,11,3,171,0,,0.0,0,6,40160.0,3,False
209,2022-12-19 21:46:16,26749500,84291,113,112,16,3,171,0,,0.0,0,1,57780.0,3,False
210,2022-12-19 11:26:41,27080033,83821,2,2,0,1,1,0,,0.0,0,0,280.0,1,True
211,2022-12-19 05:34:47,27431128,83680,22,19,4,2,171,0,,0.0,0,3,12780.0,3,False
212,2022-12-19 05:44:39,27454611,83727,56,49,14,3,167,0,,0.0,0,7,44360.0,3,False
213,2022-12-19 03:12:23,27472666,83633,5,5,0,1,0,0,,0.0,0,0,0.0,1,False
214,2022-12-19 00:18:35,27586263,83586,31,31,9,2,23,0,,0.0,0,0,16720.0,1,False
215,2022-12-19 18:38:38,27622373,84056,41,41,2,1,15,0,,0.0,0,0,4500.0,1,False
216,2022-12-19 15:05:11,27630285,83915,3,2,0,1,86,0,,0.0,0,1,840.0,1,False
217,2022-12-19 16:37:03,27661427,84009,12,12,0,1,0,0,,0.0,0,0,0.0,1,True
218,2022-12-25 22:36:56,20440232,91999,3,2,0,1,87,0,,0.0,0,1,560.0,1,False
219,2022-12-25 14:20:48,23804557,91482,2,0,10,2,167,0,,0.0,0,2,22580.0,3,False
220,2022-12-25 11:17:03,23812032,91388,1,1,0,1,17,0,,0.0,0,0,280.0,1,True
221,2022-12-25 08:56:55,24513463,91247,14,6,0,1,87,0,,0.0,0,8,4480.0,1,False
222,2022-12-25 10:27:50,25656172,91294,25,15,8,2,170,0,,0.0,0,10,28980.0,3,False
223,2022-12-25 08:13:30,26173718,91200,36,30,12,3,173,0,,0.0,0,6,55100.0,3,True
224,2022-12-25 19:42:02,26851597,91811,22,16,6,2,173,0,,0.0,0,6,24860.0,3,False
225,2022-12-25 11:13:58,26900863,91341,1,1,2,1,134,0,,0.0,0,0,4220.0,1,False
226,2022-12-25 00:57:26,27080033,91059,1,1,0,1,1,0,,0.0,0,0,280.0,1,True
227,2022-12-25 00:27:25,27179485,91012,1,0,0,1,87,0,,0.0,0,1,840.0,1,False
228,2022-12-25 18:09:54,27318980,91670,130,116,36,5,239,4,13.666666666666666,511.6666666666667,3,14,376100.0,0,True
229,2022-12-25 20:41:01,27324592,91858,84,72,16,3,173,1,20.0,398.0,1,12,52880.0,0,False
230,2022-12-25 21:32:27,27403160,91905,40,38,10,2,172,0,,0.0,0,2,31860.0,3,True
231,2022-12-25 07:30:48,27419973,91153,1,1,0,1,1,0,,0.0,0,0,280.0,1,False
232,2022-12-25 22:35:55,27954401,91952,100,85,29,4,185,0,,0.0,0,15,215440.0,0,False
233,2022-12-25 16:14:23,28192014,91576,13,4,0,1,87,0,,0.0,0,9,2520.0,1,False
234,2022-12-25 19:34:11,28360144,91764,91,77,26,4,199,0,,0.0,0,14,179540.0,0,True
235,2022-12-25 14:39:12,28463299,91529,67,57,36,5,223,0,,0.0,0,10,267960.0,0,True
236,2022-12-25 18:45:13,28473005,91717,15,9,0,1,87,0,,0.0,0,6,5320.0,1,False
237,2022-12-25 06:36:20,28479307,91106,2,2,0,1,0,0,,0.0,0,0,0.0,1,False
238,2022-12-25 14:16:32,28624805,91435,1,1,0,1,0,0,,0.0,0,0,0.0,1,False
239,2022-12-25 16:33:17,28648058,91623,2,0,0,1,87,0,,0.0,0,2,0.0,1,True
240,2022-11-12 21:04:40,21808962,55433,2,2,0,1,0,0,,0.0,0,0,0.0,1,True
241,2022-12-14 10:50:25,17837322,80296,2,0,0,1,85,0,,0.0,0,2,560.0,1,False
242,2022-12-14 12:46:19,20448397,80390,90,83,24,3,168,0,,0.0,0,7,106760.0,3,False
243,2022-12-14 00:59:33,22071967,80014,7,1,8,2,170,0,,0.0,0,6,13980.0,3,False
244,2022-12-14 14:04:03,24027105,80484,44,36,18,3,171,0,,0.0,0,8,54800.0,3,False
245,2022-12-14 18:50:05,25312207,80578,10,5,3,2,166,0,,0.0,0,5,7600.0,3,False
246,2022-12-14 10:19:32,25625720,80249,24,23,8,2,167,0,,0.0,0,1,14520.0,3,False
247,2022-12-14 13:25:13,25643637,80437,1,1,0,1,0,0,,0.0,0,0,0.0,1,True
248,2022-12-14 04:50:27,26308337,80061,29,28,11,3,169,0,,0.0,0,1,24840.0,3,False
249,2022-12-14 00:02:23,26337501,79920,30,20,6,2,170,0,,0.0,0,10,18880.0,3,False
250,2022-12-14 00:56:23,26468072,79967,22,16,12,3,166,0,,0.0,0,6,32020.0,3,False
251,2022-12-14 11:47:53,26564649,80343,24,20,3,2,168,0,,0.0,0,4,10880.0,3,False
252,2022-12-14 05:42:27,26584199,80108,78,67,13,3,169,0,,0.0,0,11,59680.0,0,True
253,2022-12-14 06:11:31,26610902,80155,38,35,21,3,169,1,13.0,461.0,1,3,113140.0,3,True
254,2022-12-14 16:54:53,26660398,80531,19,12,11,3,166,0,,0.0,0,7,28200.0,3,False
255,2022-12-14 09:45:31,26868640,80202,50,40,12,3,169,0,,0.0,0,10,57140.0,0,True
256,2022-12-25 23:42:34,27335770,92046,40,34,10,3,173,0,,0.0,0,6,35320.0,3,False
257,2022-11-21 13:39:36,16364701,58958,1,0,0,1,85,0,,0.0,0,1,0.0,1,False
258,2022-12-08 23:58:43,18421430,75032,1,0,0,1,86,0,,0.0,0,1,280.0,1,False
259,2022-12-26 18:32:39,15757800,92704,1,0,0,1,87,0,,0.0,0,1,0.0,1,False
260,2022-12-26 16:23:42,22517063,92610,2,0,0,1,87,0,,0.0,0,2,1400.0,1,False
261,2022-12-26 11:31:30,22933018,92375,1,0,0,1,87,0,,0.0,0,1,1120.0,1,False
262,2022-12-26 23:04:04,23377010,92845,5,5,3,2,29,0,,0.0,0,0,5960.0,1,False
263,2022-12-26 16:49:09,25945995,92657,53,40,25,4,172,0,,0.0,0,13,95620.0,0,True
264,2022-12-26 15:32:01,26766520,92516,1,0,0,1,87,0,,0.0,0,1,0.0,1,False
265,2022-12-26 01:13:58,27895659,92187,1,0,0,1,87,0,,0.0,0,1,560.0,1,True
266,2022-12-26 19:16:02,27912265,92751,59,59,15,3,81,0,,0.0,0,0,47580.0,1,False
267,2022-12-26 22:38:43,28237462,92798,15,12,9,2,169,0,,0.0,0,3,16480.0,3,True
268,2022-12-26 23:04:09,28362927,92892,10,10,1,1,2,0,,0.0,0,0,1120.0,1,False
269,2022-12-26 00:57:17,28397381,92140,1,1,0,1,0,0,,0.0,0,0,0.0,1,True
270,2022-12-26 15:41:55,28498604,92563,2,2,0,1,1,0,,0.0,0,0,560.0,1,False
271,2022-12-26 07:52:30,28556288,92281,10,2,1,1,145,0,,0.0,0,8,1680.0,3,False
272,2022-12-26 01:23:10,28603990,92234,11,11,0,1,0,0,,0.0,0,0,0.0,1,False
273,2022-12-26 12:35:56,28609970,92469,23,12,6,2,173,0,,0.0,0,11,10460.0,3,False
274,2022-12-26 00:26:54,28634281,92093,29,22,13,3,172,0,,0.0,0,7,57680.0,3,True
275,2022-12-26 10:00:29,28634787,92328,283,265,38,5,199,0,,0.0,0,18,333160.0,0,False
276,2022-12-26 12:20:27,28766853,92422,24,13,32,4,214,0,,0.0,0,11,201920.0,0,False
277,2022-12-20 23:50:27,10705206,85607,26,25,12,3,172,0,,0.0,0,1,34480.0,3,True
278,2022-12-20 21:30:30,14539076,85278,11,7,12,3,167,0,,0.0,0,4,33700.0,3,True
279,2022-12-20 07:03:10,16583569,84714,3,1,0,1,86,0,,0.0,0,2,1120.0,1,False
280,2022-12-20 05:31:24,17670457,84667,111,89,103,8,278,0,,0.0,0,22,1746857.0,2,True
281,2022-12-20 23:48:58,22366367,85560,1,1,0,1,8,0,,0.0,0,0,280.0,1,True
282,2022-12-20 03:31:30,23345431,84573,74,65,14,3,171,0,,0.0,0,9,43800.0,3,False
283,2022-12-20 07:30:42,25649157,84761,10,3,1,1,167,0,,0.0,0,7,3120.0,3,False
284,2022-12-20 23:31:14,26336259,85513,43,38,11,3,173,0,,0.0,0,5,27280.0,3,True
285,2022-12-20 19:00:17,26350013,84949,9,4,2,1,173,0,,0.0,0,5,6460.0,3,False
286,2022-12-20 02:57:48,26620378,84526,57,52,16,3,166,0,,0.0,0,5,54460.0,3,True
287,2022-12-20 19:31:33,26741496,85137,19,9,7,2,172,0,,0.0,0,10,13420.0,3,False
288,2022-12-20 04:56:00,26880324,84620,1,1,0,1,1,0,,0.0,0,0,280.0,1,False
289,2022-12-20 01:37:03,27082057,84479,37,37,4,2,45,0,,0.0,0,0,9880.0,1,True
290,2022-12-20 22:22:04,27084794,85325,96,90,16,3,211,0,,0.0,0,6,102960.0,3,False
291,2022-12-20 09:08:24,27214606,84855,11,4,1,1,165,0,,0.0,0,7,5900.0,3,False
292,2022-12-20 18:29:14,27241884,84902,30,22,10,3,172,0,,0.0,0,8,44260.0,3,False
293,2022-12-20 19:05:16,27308607,85043,27,21,10,3,169,1,,0.0,0,6,32320.0,3,True
294,2022-12-20 20:03:38,27320475,85184,37,37,6,2,66,0,,0.0,0,0,10380.0,1,False
295,2022-12-20 22:23:32,27439891,85372,2,2,0,1,1,0,,0.0,0,0,560.0,1,False
296,2022-12-20 22:40:57,27594083,85419,7,7,2,1,6,0,,0.0,0,0,3360.0,1,False
297,2022-12-20 23:21:34,27595624,85466,80,75,26,4,172,0,,0.0,0,5,100200.0,0,False
298,2022-12-20 19:10:30,27687762,85090,4,0,0,1,87,0,,0.0,0,4,0.0,1,True
299,2022-12-20 19:02:45,27745009,84996,7,5,0,1,87,0,,0.0,0,2,5320.0,1,True
300,2022-12-20 07:46:33,27754853,84808,77,66,24,4,222,0,,0.0,0,11,237980.0,0,False
301,2022-12-20 21:25:36,27765801,85231,1,1,0,1,0,0,,0.0,0,0,0.0,1,True
302,2022-11-28 17:20:45,16573242,64269,1,1,0,1,0,0,,0.0,0,0,0.0,1,True
303,2022-11-28 19:01:17,20488854,64410,42,33,13,3,169,2,15.5,454.0,2,9,67340.0,3,False
304,2022-11-28 18:36:18,20893516,64363,57,55,24,4,169,2,13.0,495.0,1,2,79340.0,3,True
305,2022-11-28 01:18:40,21145872,63752,32,31,14,3,171,0,,0.0,0,1,45180.0,3,True
306,2022-11-28 01:13:12,22823124,63705,10,7,0,1,86,0,,0.0,0,3,4760.0,1,True
307,2022-11-28 03:08:05,22856152,63893,28,22,17,3,170,0,,0.0,0,6,89400.0,3,True
308,2022-11-28 14:21:55,23732314,64222,26,15,6,2,171,0,,0.0,0,11,17420.0,3,True
309,2022-11-28 05:09:24,23769505,63987,4,1,0,1,86,0,,0.0,0,3,840.0,1,False
310,2022-11-28 18:06:39,23820151,64316,12,4,0,1,85,0,,0.0,0,8,3920.0,1,False
311,2022-11-28 04:41:50,23835630,63940,12,12,0,1,0,0,,0.0,0,0,0.0,1,False
312,2022-11-28 13:36:28,24068551,64175,13,6,1,1,171,0,,0.0,0,7,4800.0,3,True
313,2022-11-28 12:49:22,24117863,64128,28,19,7,2,170,0,,0.0,0,9,13860.0,3,False
314,2022-11-28 01:35:03,24239648,63799,127,107,57,6,245,1,15.0,486.0,1,20,868433.0,2,True
315,2022-11-28 02:44:53,24273297,63846,28,16,10,2,170,0,,0.0,0,12,25720.0,3,True
316,2022-11-28 20:19:35,24283325,64457,25,19,10,3,169,1,10.0,477.0,1,6,30240.0,3,True
317,2022-11-28 07:45:44,24319205,64081,43,33,14,3,170,0,,0.0,0,10,49060.0,0,False
318,2022-11-28 06:30:35,24442025,64034,30,30,1,1,1,0,,0.0,0,0,1400.0,1,False
319,2022-11-06 23:45:28,21288357,53036,137,121,42,5,204,0,,0.0,0,16,262530.0,0,False
320,2022-12-03 22:40:19,24805609,70661,1,1,0,1,10,0,,0.0,0,0,560.0,1,False
321,2022-11-12 17:45:48,16927833,55292,12,11,13,3,161,0,,0.0,0,1,36040.0,3,False
322,2022-11-12 00:01:09,18005544,54869,32,31,11,3,169,0,,0.0,0,1,42920.0,3,True
323,2022-11-12 19:54:42,20512429,55386,22,22,9,2,15,0,,0.0,0,0,31300.0,1,False
324,2022-11-12 19:35:33,20573402,55339,26,15,4,2,162,0,,0.0,0,11,9580.0,3,False
325,2022-11-12 08:43:38,21516563,55104,3,2,0,1,85,0,,0.0,0,1,560.0,1,False
326,2022-11-12 08:35:08,21594142,55057,21,17,11,3,166,0,,0.0,0,4,24280.0,3,True
327,2022-11-12 15:37:52,21650377,55198,61,55,15,3,172,0,,0.0,0,6,71120.0,3,False
328,2022-11-12 04:22:57,21815931,54963,102,92,20,4,216,0,,0.0,0,10,130710.0,0,False
329,2022-11-12 03:49:42,21898547,54916,1,1,1,1,8,0,,0.0,0,0,1680.0,1,False
330,2022-11-12 11:02:43,22005658,55151,36,36,17,3,32,0,,0.0,0,0,95590.0,1,False
331,2022-11-12 06:04:27,22019343,55010,2,2,0,1,0,0,,0.0,0,0,0.0,1,False
332,2022-11-12 16:56:29,22058374,55245,44,32,19,3,170,0,,0.0,0,12,61460.0,0,False
333,2022-11-17 18:31:20,15672355,57313,17,7,19,3,168,0,,0.0,0,10,71420.0,0,True
334,2022-11-17 11:02:26,19053171,57125,2,2,2,1,26,0,,0.0,0,0,4000.0,1,True
335,2022-11-17 16:01:35,21001248,57266,89,76,47,5,222,0,,0.0,0,13,355960.0,0,True
336,2022-11-17 15:33:59,22040411,57219,27,18,6,2,170,0,,0.0,0,9,18360.0,3,True
337,2022-11-17 09:49:39,22074152,57078,1,1,0,1,0,0,,0.0,0,0,0.0,1,False
338,2022-11-17 01:23:20,22194304,56937,11,1,1,1,167,0,,0.0,0,10,5660.0,3,False
339,2022-11-17 07:53:51,22313858,56984,2,1,0,1,85,0,,0.0,0,1,1400.0,1,False
340,2022-11-17 09:03:57,22403489,57031,89,69,76,6,230,0,,0.0,0,20,791150.0,2,True
341,2022-11-17 11:50:14,22471592,57172,28,25,12,3,167,0,,0.0,0,3,36120.0,3,False
342,2022-11-02 18:52:28,19534055,51156,27,18,21,3,202,0,,0.0,0,9,108300.0,0,False
343,2022-12-14 23:37:36,26932189,80625,3,3,0,1,3,0,,0.0,0,0,0.0,1,True
344,2022-12-09 10:00:25,12457415,75455,28,28,11,3,91,0,,0.0,0,0,31920.0,1,True
345,2022-12-09 23:08:17,15909071,76254,13,5,0,1,86,0,,0.0,0,8,5600.0,1,True
346,2022-12-09 23:24:07,16145649,76301,18,6,3,2,151,0,,0.0,0,12,7980.0,3,False
347,2022-12-09 19:56:32,21802315,76066,16,16,0,1,0,0,,0.0,0,0,0.0,1,False
348,2022-12-09 15:33:43,21821267,75690,1,1,0,1,0,0,,0.0,0,0,0.0,1,False
349,2022-12-09 01:11:53,22198812,75126,1,0,0,1,85,0,,0.0,0,1,0.0,1,False
350,2022-12-09 06:04:03,22504942,75361,1,0,0,1,85,0,,0.0,0,1,840.0,1,False
351,2022-12-09 20:10:33,23344879,76160,20,11,1,1,171,0,,0.0,0,9,18600.0,3,False
352,2022-12-09 17:42:12,23701977,75878,57,48,30,4,180,2,11.0,470.0,1,9,134620.0,0,False
353,2022-12-09 00:18:15,24166899,75079,90,81,19,4,206,0,,0.0,0,9,120220.0,0,True
354,2022-12-09 09:10:35,24495615,75408,52,46,17,3,169,0,,0.0,0,6,64900.0,3,False
355,2022-12-09 03:26:39,24919712,75314,81,77,23,4,169,0,,0.0,0,4,98080.0,3,True
356,2022-12-09 12:30:33,24973026,75596,4,2,0,1,86,0,,0.0,0,2,560.0,1,True
357,2022-12-09 02:22:03,25018359,75173,15,8,3,2,168,0,,0.0,0,7,7860.0,3,True
358,2022-12-09 15:07:15,25077653,75643,22,12,0,1,86,0,,0.0,0,10,12320.0,3,True
359,2022-12-09 16:56:55,25302685,75831,15,9,6,2,169,0,,0.0,0,6,22620.0,3,False
360,2022-12-09 11:49:27,25344085,75549,1,1,1,1,22,0,,0.0,0,0,2540.0,1,True
361,2022-12-09 18:01:27,25615508,75972,52,51,12,3,171,0,,0.0,0,1,32880.0,3,False
362,2022-12-09 02:48:59,25710038,75267,26,26,11,3,112,0,,0.0,0,0,22760.0,3,False
363,2022-12-09 10:14:58,25723033,75502,11,11,0,1,0,0,,0.0,0,0,0.0,1,False
364,2022-12-09 22:42:53,25815562,76207,58,53,26,4,171,0,,0.0,0,5,104680.0,0,True
365,2022-12-09 20:06:24,25850752,76113,1,1,0,1,9,0,,0.0,0,0,0.0,1,False
366,2022-12-09 02:32:33,25951883,75220,5,0,0,1,85,0,,0.0,0,5,840.0,1,True
367,2022-12-09 17:48:30,26097243,75925,1,1,0,1,1,0,,0.0,0,0,280.0,1,False
368,2022-12-09 16:19:41,26102234,75784,13,12,8,2,171,0,,0.0,0,1,13500.0,3,False
369,2022-12-09 18:17:06,26114723,76019,157,151,3,2,170,0,,0.0,0,6,23100.0,3,False
370,2022-12-09 15:41:58,26126844,75737,7,7,0,1,1,0,,0.0,0,0,840.0,1,False
371,2022-12-26 23:48:58,28734998,92939,15,9,1,1,171,0,,0.0,0,6,25180.0,3,False
372,2022-11-22 06:39:57,14895484,59099,7,7,1,1,8,0,,0.0,0,0,3720.0,1,True
373,2022-11-22 01:54:08,20299426,59005,236,219,53,6,219,0,,0.0,0,17,659238.0,2,True
374,2022-11-22 23:59:32,22287845,59193,7,7,2,1,7,0,,0.0,0,0,3720.0,1,False
375,2022-11-22 10:03:32,22519892,59146,11,11,5,2,21,0,,0.0,0,0,12780.0,1,False
376,2022-11-22 04:21:26,22755964,59052,1,0,0,1,86,0,,0.0,0,1,2240.0,1,False
377,2022-11-28 23:20:18,24185782,64504,53,46,15,3,168,0,,0.0,0,7,69280.0,3,True
378,2022-12-21 17:29:15,10943992,86500,1,0,0,1,87,0,,0.0,0,1,0.0,1,False
379,2022-12-21 14:52:53,12080606,86218,15,5,0,1,87,0,,0.0,0,10,5040.0,3,False
380,2022-12-21 14:57:46,12311365,86265,47,39,12,3,173,0,,0.0,0,8,43460.0,3,True
381,2022-12-21 17:24:03,13653254,86453,1,0,0,1,87,0,,0.0,0,1,0.0,1,False
382,2022-12-21 15:43:08,16750664,86359,7,6,3,1,166,0,,0.0,0,1,4480.0,3,False
383,2022-12-21 03:20:53,18308270,85748,27,17,13,3,162,0,,0.0,0,10,37720.0,0,False
384,2022-12-21 05:15:57,19595534,85842,1,0,1,1,143,0,,0.0,0,1,1680.0,3,False
385,2022-12-21 19:44:29,21895166,86735,1,1,0,1,0,0,,0.0,0,0,0.0,1,True
386,2022-12-21 08:34:41,22394910,85936,1,0,0,1,87,0,,0.0,0,1,0.0,1,False
387,2022-12-21 19:31:14,23839655,86688,1,0,0,1,87,0,,0.0,0,1,280.0,1,False
388,2022-12-21 14:30:48,24393403,86077,13,7,12,3,169,0,,0.0,0,6,41100.0,3,False
389,2022-12-21 22:05:35,25655758,87064,9,6,3,2,168,0,,0.0,0,3,6220.0,3,False
390,2022-12-21 03:35:42,25698998,85795,28,17,10,2,171,0,,0.0,0,11,23500.0,3,True
391,2022-12-21 21:37:46,26585878,86876,32,29,13,3,170,0,,0.0,0,3,41120.0,3,True
392,2022-12-21 20:35:14,26964665,86782,33,33,9,2,33,0,,0.0,0,0,19820.0,1,False
393,2022-12-21 22:02:04,27028030,87017,3,0,0,1,87,0,,0.0,0,3,280.0,1,False
394,2022-12-21 21:46:17,27140799,86970,43,40,16,3,210,0,,0.0,0,3,93740.0,3,True
395,2022-12-21 14:50:05,27463489,86171,27,27,23,3,157,0,,0.0,0,0,93960.0,3,True
396,2022-12-21 23:03:33,27488950,87205,5,3,10,2,171,0,,0.0,0,2,30080.0,3,False
397,2022-12-21 21:42:51,27507948,86923,14,6,3,2,167,0,,0.0,0,8,12560.0,3,True
398,2022-12-21 03:13:26,27627525,85701,43,37,11,3,173,0,,0.0,0,6,44740.0,3,False
399,2022-12-21 14:44:56,27657172,86124,24,24,7,2,24,0,,0.0,0,0,27340.0,1,True
400,2022-12-21 14:18:02,27663336,86030,21,14,11,3,172,0,,0.0,0,7,30200.0,3,False
401,2022-12-21 13:26:01,27681851,85983,57,53,22,4,210,5,12.6,536.4,5,4,104480.0,0,True
402,2022-12-21 15:08:03,27714511,86312,72,53,74,7,249,2,31.0,417.0,1,19,1227090.0,2,True
403,2022-12-21 22:25:23,27758349,87111,55,52,28,4,173,0,,0.0,0,3,118440.0,3,False
404,2022-12-21 00:04:38,27766238,85654,15,9,1,1,173,0,,0.0,0,6,10300.0,3,True
405,2022-12-21 16:47:12,27822174,86406,34,32,16,3,173,0,,0.0,0,2,56980.0,3,False
406,2022-12-21 22:28:28,27855294,87158,15,11,1,1,171,0,,0.0,0,4,3360.0,3,True
407,2022-12-21 05:32:04,27907918,85889,83,70,25,4,173,4,29.0,468.0,1,13,99200.0,0,False
408,2022-12-21 21:16:19,27965556,86829,1,0,0,1,87,0,,0.0,0,1,0.0,1,False
409,2022-12-21 18:06:07,27997227,86547,10,2,1,1,173,0,,0.0,0,8,4240.0,3,True
410,2022-12-21 18:41:30,28014937,86594,1,1,0,1,4,0,,0.0,0,0,560.0,1,False
411,2022-12-21 19:14:24,28026069,86641,9,3,2,1,173,0,,0.0,0,6,7940.0,3,True
412,2022-11-07 13:14:19,20005003,53177,52,44,27,4,171,0,,0.0,0,8,106080.0,0,False
413,2022-11-07 16:29:45,20812510,53224,58,51,16,3,171,1,,0.0,0,7,88850.0,3,False
414,2022-11-07 12:55:22,20914262,53130,113,110,31,4,205,3,26.0,419.0,1,3,172880.0,0,False
415,2022-11-07 19:51:29,21289369,53271,39,30,7,2,170,0,,0.0,0,9,25760.0,3,True
416,2022-11-07 07:47:16,21383899,53083,1,1,0,1,0,0,,0.0,0,0,0.0,1,False
417,2022-12-04 19:21:58,10631353,71272,119,108,34,5,223,1,9.0,519.0,1,11,233850.0,0,True
418,2022-12-04 13:46:08,10916300,71084,64,55,25,4,205,0,,0.0,0,9,216700.0,0,True
419,2022-12-04 17:54:45,12457415,71178,1,1,0,1,1,0,,0.0,0,0,0.0,1,True
420,2022-12-04 11:25:29,21075216,70990,41,31,14,3,169,0,,0.0,0,10,63600.0,0,False
421,2022-12-04 22:16:57,22558739,71366,42,38,12,3,169,0,,0.0,0,4,38300.0,3,True
422,2022-12-04 22:50:45,23794276,71460,163,154,19,3,169,0,,0.0,0,9,77280.0,0,False
423,2022-12-04 00:50:35,23855548,70802,3,0,0,1,85,0,,0.0,0,3,840.0,1,False
424,2022-12-04 06:44:52,24232449,70849,47,40,11,3,168,0,,0.0,0,7,27300.0,3,False
425,2022-12-04 11:47:47,24333695,71037,7,1,0,1,86,0,,0.0,0,6,1960.0,1,False
426,2022-12-04 22:28:33,24496006,71413,20,12,6,2,169,0,,0.0,0,8,14820.0,3,True
427,2022-12-04 10:15:54,24623840,70943,60,53,15,3,171,0,,0.0,0,7,50460.0,3,True
428,2022-12-04 00:14:40,24638146,70708,16,16,6,2,24,0,,0.0,0,0,12880.0,1,True
429,2022-12-04 14:38:52,24843421,71131,147,134,33,4,175,0,,0.0,0,13,183700.0,0,False
430,2022-12-04 10:03:33,24864696,70896,26,26,6,2,14,0,,0.0,0,0,11400.0,1,False
431,2022-12-04 18:47:59,24943356,71225,4,1,0,1,86,0,,0.0,0,3,3080.0,1,False
432,2022-12-04 20:42:59,24963619,71319,60,54,20,4,228,0,,0.0,0,6,151960.0,0,True
433,2022-12-04 00:27:10,25185454,70755,13,13,1,1,31,0,,0.0,0,0,3920.0,1,True
434,2022-12-04 23:45:01,25242655,71507,73,67,23,4,167,0,,0.0,0,6,100940.0,0,False
435,2022-12-15 23:01:49,16643208,81236,7,5,0,1,86,0,,0.0,0,2,7280.0,1,False
436,2022-12-15 14:00:55,20654776,80907,1,0,0,1,86,0,,0.0,0,1,0.0,1,False
437,2022-12-15 23:11:25,22905993,81283,93,72,98,8,267,0,,0.0,0,21,1748236.0,2,False
438,2022-12-15 18:32:49,24146567,81048,61,59,19,3,171,0,,0.0,0,2,71480.0,3,False
439,2022-12-15 00:47:54,24331533,80719,58,52,9,2,170,0,,0.0,0,6,27980.0,3,False
440,2022-12-15 21:58:41,24417001,81142,1,1,0,1,8,0,,0.0,0,0,0.0,1,False
441,2022-12-15 06:54:07,25771517,80813,10,3,0,1,85,0,,0.0,0,7,4200.0,1,False
442,2022-12-15 17:43:38,26099819,81001,36,35,12,3,169,0,,0.0,0,1,33120.0,3,False
443,2022-12-15 22:04:58,26318342,81189,28,25,13,3,171,1,,0.0,0,3,42780.0,3,False
444,2022-12-15 00:12:50,26665964,80672,50,40,6,2,170,0,,0.0,0,10,35300.0,3,True
445,2022-12-15 02:29:13,26697658,80766,19,11,9,2,170,0,,0.0,0,8,19240.0,3,True
446,2022-12-15 12:48:42,26767808,80860,98,96,20,4,218,4,7.5,516.0,2,2,118630.0,3,False
447,2022-12-15 14:43:33,26933201,80954,11,1,1,1,169,0,,0.0,0,10,8540.0,3,False
448,2022-12-15 21:38:13,27096340,81095,16,13,3,2,171,0,,0.0,0,3,9940.0,3,True
449,2022-12-10 18:34:51,16131803,76771,52,49,22,4,168,0,,0.0,0,3,70520.0,3,True
450,2022-12-10 07:23:08,21182902,76583,1,0,0,1,85,0,,0.0,0,1,840.0,1,False
451,2022-12-10 01:51:08,21196127,76395,7,2,9,2,169,0,,0.0,0,5,17100.0,3,False
452,2022-12-10 00:10:34,23334759,76348,7,4,0,1,86,0,,0.0,0,3,1400.0,1,False
453,2022-12-10 20:48:09,24352716,76912,46,35,25,4,169,2,32.0,410.0,1,11,87780.0,0,False
454,2022-12-10 12:41:59,24883142,76630,9,3,0,1,86,0,,0.0,0,6,2240.0,1,False
455,2022-12-10 03:51:08,25010125,76489,10,10,0,1,9,0,,0.0,0,0,840.0,1,True
456,2022-12-10 16:06:58,25544369,76677,7,4,0,1,86,0,,0.0,0,3,6440.0,1,True
457,2022-12-10 03:11:43,25967868,76442,62,60,17,3,169,0,,0.0,0,2,52740.0,3,False
458,2022-12-10 20:17:27,26096507,76865,53,47,20,3,220,0,,0.0,0,6,119850.0,3,False
459,2022-12-10 18:11:11,26107616,76724,12,5,0,1,86,0,,0.0,0,7,5600.0,1,False
460,2022-12-10 04:58:20,26134572,76536,38,27,9,2,169,0,,0.0,0,11,28660.0,3,False
461,2022-12-10 20:02:48,26241522,76818,2,2,0,1,2,0,,0.0,0,0,0.0,1,False
462,2022-12-10 22:16:51,26311074,77006,31,25,7,2,171,0,,0.0,0,6,32080.0,3,True
463,2022-12-10 21:59:56,26317008,76959,3,3,0,1,2,0,,0.0,0,0,840.0,1,False
464,2022-11-17 20:32:04,20908995,57360,5,3,2,1,169,0,,0.0,0,2,4280.0,3,False
465,2022-11-02 15:33:35,17478177,51015,9,3,9,2,166,0,,0.0,0,6,17100.0,3,False
466,2022-11-02 13:57:06,18826828,50968,102,86,36,5,217,0,,0.0,0,16,284880.0,0,False
467,2022-11-02 16:08:06,20141163,51109,21,19,11,3,171,0,,0.0,0,2,32700.0,3,True
468,2022-11-02 16:07:25,20234014,51062,20,15,5,2,169,0,,0.0,0,5,21160.0,3,False
469,2022-11-02 05:32:45,20267640,50827,32,32,15,3,27,0,,0.0,0,0,43740.0,1,False
470,2022-11-02 06:31:07,20385469,50874,37,26,12,3,172,0,,0.0,0,11,63400.0,0,True
471,2022-11-02 00:41:38,20471466,50780,43,34,13,3,170,2,5.0,494.5,2,9,62080.0,3,False
472,2022-11-02 11:19:08,20964977,50921,52,40,16,3,171,0,,0.0,0,12,60240.0,0,False
473,2022-12-28 00:04:19,12575957,94114,30,24,10,2,173,0,,0.0,0,6,22940.0,3,False
474,2022-12-28 13:14:10,17118687,94866,32,19,18,3,158,0,,0.0,0,13,57720.0,0,False
475,2022-12-28 17:44:48,17420654,95195,1,1,0,1,0,0,,0.0,0,0,0.0,1,True
476,2022-12-28 02:26:57,19506593,94302,1,1,1,1,10,0,,0.0,0,0,2540.0,1,True
477,2022-12-28 11:36:04,21706888,94772,7,6,0,1,87,0,,0.0,0,1,2240.0,1,False
478,2022-12-28 19:26:33,22433481,95289,1,1,0,1,0,0,,0.0,0,0,0.0,1,False
479,2022-12-28 22:36:51,22433481,95430,1,1,0,1,0,0,,0.0,0,0,0.0,1,False
480,2022-12-28 13:54:58,24740312,94913,2,0,0,1,87,0,,0.0,0,2,840.0,1,True
481,2022-12-28 23:42:58,26430007,95618,29,21,9,2,170,0,,0.0,0,8,16580.0,3,False
482,2022-12-28 22:20:34,27227808,95383,1,0,0,1,86,0,,0.0,0,1,560.0,1,False
483,2022-12-28 22:53:25,27534306,95477,52,43,26,4,171,0,,0.0,0,9,94540.0,0,False
484,2022-12-28 00:11:46,27625478,94161,1,0,0,1,87,0,,0.0,0,1,0.0,1,False
485,2022-12-28 08:51:22,27667131,94584,1,1,0,1,0,0,,0.0,0,0,0.0,1,True
486,2022-12-28 10:27:48,28207723,94631,45,41,10,2,173,0,,0.0,0,4,28260.0,3,False
487,2022-12-28 21:45:10,28290408,95336,55,47,13,3,171,0,,0.0,0,8,39340.0,3,True
488,2022-12-28 04:45:06,28394276,94349,1,0,0,1,87,0,,0.0,0,1,280.0,1,False
489,2022-12-28 14:50:57,28453892,95007,5,0,3,1,169,0,,0.0,0,5,4200.0,3,False
490,2022-12-28 13:02:18,28490876,94819,16,7,7,2,172,0,,0.0,0,9,33100.0,3,False
491,2022-12-28 17:16:21,28498604,95148,1,1,0,1,1,0,,0.0,0,0,280.0,1,False
492,2022-12-28 01:58:31,28604289,94255,1,0,0,1,87,0,,0.0,0,1,840.0,1,False
493,2022-12-28 22:59:12,28691413,95524,58,50,15,3,170,0,,0.0,0,8,73200.0,3,False
494,2022-12-28 14:06:18,28713539,94960,36,26,17,3,235,0,,0.0,0,10,101600.0,0,True
495,2022-12-28 18:41:38,28717334,95242,24,17,11,3,171,0,,0.0,0,7,36660.0,3,True
496,2022-12-28 23:01:41,28726442,95571,39,28,9,2,171,0,,0.0,0,11,26540.0,3,True
497,2022-12-28 14:59:32,28794085,95054,44,41,17,3,173,0,,0.0,0,3,57280.0,3,False
498,2022-12-28 11:21:14,28806137,94725,1,0,0,1,87,0,,0.0,0,1,280.0,1,False
499,2022-12-28 08:23:10,28872262,94537,1,0,0,1,87,0,,0.0,0,1,0.0,1,True
500,2022-12-28 00:46:15,28931073,94208,171,169,37,4,216,5,16.25,497.75,4,2,214400.0,0,False
501,2022-12-28 05:54:13,29019554,94443,23,19,2,1,173,0,,0.0,0,4,13320.0,3,False
502,2022-12-28 05:02:54,29031261,94396,2,1,0,1,87,0,,0.0,0,1,2240.0,1,True
503,2022-12-28 10:33:44,29039380,94678,14,4,0,1,87,0,,0.0,0,10,4480.0,3,True
504,2022-12-28 07:32:31,29049132,94490,2,1,0,1,87,0,,0.0,0,1,280.0,1,True
505,2022-12-28 15:23:22,29090532,95101,9,4,1,1,167,0,,0.0,0,5,2880.0,3,False
506,2022-12-27 15:25:59,10676088,93644,3,2,0,1,87,0,,0.0,0,1,840.0,1,True
507,2022-12-27 03:44:12,16264283,93127,2,1,0,1,87,0,,0.0,0,1,0.0,1,False
508,2022-12-27 05:03:50,18772893,93174,19,11,7,2,170,0,,0.0,0,8,16220.0,3,False
509,2022-12-27 12:11:00,21498117,93456,1,1,0,1,29,0,,0.0,0,0,0.0,1,False
510,2022-12-27 02:13:45,22353809,92986,38,34,3,1,160,0,,0.0,0,4,28060.0,3,False
511,2022-12-27 07:39:58,26024494,93362,37,36,21,3,213,0,,0.0,0,1,102680.0,3,False
512,2022-12-27 16:47:03,26413102,93785,57,36,83,7,268,0,,0.0,0,21,1371374.0,2,True
513,2022-12-27 08:46:56,26885844,93409,13,8,3,2,173,0,,0.0,0,5,5340.0,3,False
514,2022-12-27 05:45:16,27278155,93221,10,10,1,1,2,0,,0.0,0,0,1400.0,1,True
515,2022-12-27 02:17:01,27451161,93033,30,18,4,2,173,0,,0.0,0,12,20700.0,3,True
516,2022-12-27 17:48:28,27607262,93832,38,24,17,3,172,0,,0.0,0,14,61980.0,0,False
517,2022-12-27 21:56:55,27951342,93973,16,9,9,2,173,0,,0.0,0,7,18940.0,3,False
518,2022-12-27 07:39:29,28366400,93315,3,1,3,1,167,0,,0.0,0,2,4320.0,3,True
519,2022-12-27 21:20:45,28426982,93926,17,10,3,1,173,0,,0.0,0,7,12080.0,3,True
520,2022-12-27 13:12:37,28455157,93503,10,5,5,2,171,0,,0.0,0,5,7120.0,3,True
521,2022-12-27 23:01:08,28539406,94020,49,45,17,3,170,0,,0.0,0,4,66040.0,3,False
522,2022-12-27 06:13:12,28548399,93268,9,2,0,1,87,0,,0.0,0,7,3360.0,1,True
523,2022-12-27 03:39:23,28690654,93080,55,47,4,2,171,0,,0.0,0,8,20520.0,3,False
524,2022-12-27 15:45:43,28843213,93691,24,15,10,2,173,1,,0.0,0,9,24160.0,3,True
525,2022-12-27 23:21:00,28869065,94067,61,57,19,3,173,0,,0.0,0,4,91040.0,3,False
526,2022-12-27 20:38:05,28878518,93879,1,1,1,1,89,0,,0.0,0,0,1400.0,1,False
527,2022-12-27 14:29:12,28888845,93597,59,46,21,3,173,0,,0.0,0,13,106560.0,0,False
528,2022-12-27 16:38:21,28895492,93738,1,1,0,1,0,0,,0.0,0,0,0.0,1,True
529,2022-12-27 14:20:35,28924035,93550,1,0,0,1,87,0,,0.0,0,1,280.0,1,True
530,2022-11-13 19:29:50,22244329,55715,3,3,1,1,4,0,,0.0,0,0,2840.0,1,False
531,2022-11-23 15:23:27,12975973,59428,3,3,0,1,0,0,,0.0,0,0,0.0,1,True
532,2022-11-23 10:46:09,15508641,59287,6,6,1,1,9,0,,0.0,0,0,3140.0,1,False
533,2022-11-23 14:39:50,18248562,59381,35,35,11,3,31,0,,0.0,0,0,27840.0,1,False
534,2022-11-23 08:37:08,19288967,59240,3,3,0,1,2,0,,0.0,0,0,0.0,1,False
535,2022-11-23 14:02:27,20131250,59334,30,23,7,2,169,0,,0.0,0,7,30560.0,3,True
536,2022-11-23 19:25:41,21432590,59475,46,44,32,4,230,0,,0.0,0,2,190470.0,0,True
537,2022-11-23 23:58:25,21557319,59616,1,0,0,1,86,0,,0.0,0,1,0.0,1,False
538,2022-11-23 20:26:27,21936221,59569,15,15,7,2,18,0,,0.0,0,0,10240.0,1,False
539,2022-11-23 19:32:58,23373491,59522,65,55,14,3,167,0,,0.0,0,10,49620.0,0,False
540,2022-12-21 23:39:10,28066871,87252,67,62,11,3,168,0,,0.0,0,5,61500.0,3,False
541,2022-12-05 01:56:09,21200865,71554,59,54,14,3,166,0,,0.0,0,5,96180.0,3,False
542,2022-12-05 21:45:56,21798520,71930,31,27,23,3,169,1,,0.0,0,4,102800.0,3,False
543,2022-12-05 23:08:29,22271768,72024,27,27,5,2,11,0,,0.0,0,0,11440.0,1,False
544,2022-12-05 10:07:16,22560349,71648,56,56,19,3,71,0,,0.0,0,0,106610.0,1,True
545,2022-12-05 21:40:14,22634708,71836,108,86,85,7,254,0,,0.0,0,22,1379963.0,2,True
546,2022-12-05 21:40:18,24199858,71883,26,18,12,3,171,0,,0.0,0,8,34700.0,3,True
547,2022-12-05 13:00:17,24294089,71742,34,27,8,2,171,0,,0.0,0,7,25220.0,3,False
548,2022-12-05 12:26:24,24476180,71695,1,0,0,1,86,0,,0.0,0,1,280.0,1,False
549,2022-12-05 02:44:28,24635938,71601,60,48,27,4,170,1,,0.0,0,12,127780.0,0,False
550,2022-12-05 22:27:14,25535744,71977,37,32,15,3,169,0,,0.0,0,5,58400.0,3,True
551,2022-12-05 13:38:48,25541379,71789,70,65,18,3,171,1,10.0,485.0,1,5,59000.0,3,True
552,2022-12-16 01:06:49,11901436,81330,9,4,7,2,166,0,,0.0,0,5,12660.0,3,True
553,2022-12-16 09:55:27,16013583,81518,1,0,1,1,158,0,,0.0,0,1,2260.0,3,False
554,2022-12-16 09:44:59,17446483,81471,1,1,0,1,0,0,,0.0,0,0,0.0,1,True
555,2022-12-16 14:00:02,21989006,81612,26,20,19,3,169,0,,0.0,0,6,63180.0,3,False
556,2022-12-16 05:05:29,23924433,81424,69,62,16,3,171,0,,0.0,0,7,61320.0,3,True
557,2022-12-16 04:22:14,24582624,81377,3,2,0,1,86,0,,0.0,0,1,280.0,1,False
558,2022-12-16 21:02:13,25388314,81800,33,30,20,3,171,0,,0.0,0,3,98600.0,3,True
559,2022-12-16 20:44:40,26197178,81753,4,2,1,1,136,0,,0.0,0,2,1400.0,3,False
560,2022-12-16 12:58:17,26659110,81565,74,74,26,4,135,0,,0.0,0,0,100840.0,3,True
561,2022-12-16 16:06:14,26986124,81659,22,11,11,3,167,0,,0.0,0,11,26880.0,0,False
562,2022-12-16 19:32:07,27088796,81706,14,14,0,1,1,0,,0.0,0,0,2520.0,1,True
563,2022-11-08 22:38:45,21557181,53882,17,17,0,1,0,0,,0.0,0,0,0.0,1,False
564,2022-11-29 16:42:52,14900820,65397,73,59,28,4,180,0,,0.0,0,14,138340.0,0,True
565,2022-11-29 04:28:17,15521245,64833,10,6,1,1,168,0,,0.0,0,4,3640.0,3,True
566,2022-11-29 17:18:13,15659107,65491,78,78,17,3,36,1,,0.0,0,0,61700.0,1,True
567,2022-11-29 02:18:23,16573242,64692,57,49,19,4,215,0,,0.0,0,8,149700.0,0,True
568,2022-11-29 18:31:49,16931697,65679,3,1,0,1,85,0,,0.0,0,2,560.0,1,False
569,2022-11-29 02:02:50,17600215,64645,5,5,0,1,1,0,,0.0,0,0,280.0,1,False
570,2022-11-29 19:58:45,19300007,65867,1,0,1,1,162,0,,0.0,0,1,2280.0,3,False
571,2022-11-29 09:07:26,19345409,65209,69,63,11,3,169,0,,0.0,0,6,46120.0,3,True
572,2022-11-29 23:04:19,21745620,66290,1,0,0,1,85,0,,0.0,0,1,0.0,1,False
573,2022-11-29 19:50:06,21886610,65820,29,23,6,2,169,0,,0.0,0,6,23460.0,3,False
574,2022-11-29 22:46:27,21905930,66196,169,152,46,6,218,1,19.0,431.0,1,17,621100.0,2,True
575,2022-11-29 05:01:54,21954851,64927,2,2,0,1,25,0,,0.0,0,0,560.0,1,False
576,2022-11-29 19:33:56,22251758,65726,7,7,4,1,16,0,,0.0,0,0,6160.0,1,False
577,2022-11-29 05:28:54,22811624,65021,1,0,0,1,86,0,,0.0,0,1,0.0,1,False
578,2022-11-29 20:04:03,22827218,65914,28,20,8,2,169,0,,0.0,0,8,42460.0,3,False
579,2022-11-29 00:02:27,23289472,64551,2,2,0,1,1,0,,0.0,0,0,0.0,1,False
580,2022-11-29 05:18:19,23671686,64974,109,107,34,5,218,0,,0.0,0,2,232220.0,0,False
581,2022-11-29 18:31:10,23780821,65632,113,100,28,4,168,0,,0.0,0,13,106120.0,0,False
582,2022-11-29 04:05:23,23859504,64786,15,12,9,2,168,0,,0.0,0,3,19360.0,3,True
583,2022-11-29 03:17:02,23896764,64739,72,70,8,2,166,0,,0.0,0,2,29380.0,3,True
584,2022-11-29 22:35:54,23898581,66149,1,0,0,1,85,0,,0.0,0,1,0.0,1,False
585,2022-11-29 23:06:13,24200778,66337,85,67,33,5,211,2,18.0,518.0,2,18,375540.0,0,True
586,2022-11-29 14:17:49,24238406,65303,1,0,0,1,86,0,,0.0,0,1,280.0,1,False
587,2022-11-29 17:30:51,24264465,65538,5,0,8,2,169,0,,0.0,0,5,19760.0,3,False
588,2022-11-29 08:20:17,24300368,65115,32,20,7,2,160,0,,0.0,0,12,17780.0,3,False
589,2022-11-29 08:51:13,24327255,65162,161,145,28,4,222,0,,0.0,0,16,239480.0,0,False
590,2022-11-29 05:00:37,24329371,64880,1,0,0,1,86,0,,0.0,0,1,0.0,1,False
591,2022-11-29 20:47:21,24378545,65961,19,14,1,1,169,0,,0.0,0,5,12100.0,3,True
592,2022-11-29 14:34:19,24380408,65350,1,1,0,1,7,0,,0.0,0,0,280.0,1,False
593,2022-11-29 07:34:32,24397037,65068,18,11,0,1,86,0,,0.0,0,7,3920.0,1,True
594,2022-11-29 17:46:59,24402212,65585,35,29,13,3,168,0,,0.0,0,6,81080.0,3,True
595,2022-11-29 14:02:34,24567214,65256,3,0,0,1,86,0,,0.0,0,3,280.0,1,True
596,2022-11-29 20:49:54,24572182,66008,35,29,7,2,158,0,,0.0,0,6,16040.0,3,True
597,2022-11-29 00:51:42,24580692,64598,18,8,1,1,171,0,,0.0,0,10,8820.0,3,True
598,2022-11-29 16:46:26,24643896,65444,25,19,9,2,171,0,,0.0,0,6,18520.0,3,True
599,2022-11-29 21:11:47,24646311,66102,35,34,10,2,167,0,,0.0,0,1,20740.0,3,True
600,2022-11-29 19:38:09,24654407,65773,1,1,0,1,0,0,,0.0,0,0,0.0,1,False
601,2022-11-29 20:56:45,24670806,66055,38,30,5,2,169,0,,0.0,0,8,14040.0,3,True
602,2022-11-29 22:51:18,24726443,66243,62,62,31,4,98,0,,0.0,0,0,270340.0,3,False
603,2022-11-18 00:14:34,21442526,57407,5,0,0,1,86,0,,0.0,0,5,1680.0,1,False
604,2022-11-18 21:29:30,22570630,57501,48,48,6,2,9,0,,0.0,0,0,10480.0,1,False
605,2022-11-18 03:48:32,22583142,57454,1,1,0,1,1,0,,0.0,0,0,280.0,1,True
606,2022-11-03 14:01:38,19254812,51391,110,109,16,3,207,0,,0.0,0,1,92320.0,3,False
607,2022-11-03 14:02:23,19916959,51438,92,91,15,3,131,0,,0.0,0,1,71300.0,3,False
608,2022-11-03 08:39:35,20078534,51297,19,7,8,2,171,0,,0.0,0,12,14560.0,3,False
609,2022-11-03 19:13:24,20356673,51579,33,24,21,3,165,0,,0.0,0,9,81100.0,0,False
610,2022-11-03 17:52:31,20362676,51532,21,11,9,2,170,0,,0.0,0,10,18160.0,3,False
611,2022-11-03 13:14:54,20405249,51344,9,5,5,2,169,0,,0.0,0,4,12180.0,3,False
612,2022-11-03 02:36:09,20556129,51203,2,0,0,1,86,0,,0.0,0,2,0.0,1,False
613,2022-11-03 21:59:17,20589663,51720,103,84,39,5,213,0,,0.0,0,19,471844.0,0,False
614,2022-11-03 17:04:48,20677730,51485,20,13,3,1,169,0,,0.0,0,7,9240.0,3,False
615,2022-11-03 03:13:32,20928223,51250,48,36,14,3,168,0,,0.0,0,12,49960.0,0,False
616,2022-11-03 20:34:25,21157556,51673,1,0,0,1,86,0,,0.0,0,1,560.0,1,True
617,2022-11-03 20:05:34,21170896,51626,64,59,25,4,171,0,,0.0,0,5,112600.0,0,False
618,2022-12-22 23:54:21,28062294,88474,39,29,13,3,172,0,,0.0,0,10,48340.0,0,True
619,2022-11-13 12:01:19,14789523,55574,3,1,0,1,86,0,,0.0,0,2,560.0,1,False
620,2022-11-13 18:21:27,16865319,55668,21,14,6,2,170,0,,0.0,0,7,16000.0,3,False
621,2022-11-13 08:44:38,17532595,55527,19,11,2,1,163,0,,0.0,0,8,7640.0,3,False
622,2022-11-13 03:25:58,21745781,55480,5,1,8,2,159,0,,0.0,0,4,13120.0,3,True
623,2022-11-13 14:00:51,22147775,55621,1,1,0,1,0,0,,0.0,0,0,0.0,1,False
624,2022-12-10 23:25:49,25401999,77053,57,47,9,2,170,0,,0.0,0,10,15100.0,3,False
625,2022-12-22 11:45:19,10978400,88098,58,41,25,4,202,0,,0.0,0,17,280220.0,0,False
626,2022-12-22 05:19:44,17673056,87534,96,83,38,4,177,1,,0.0,0,13,211740.0,0,False
627,2022-12-22 06:01:21,19811872,87628,1,0,0,1,87,0,,0.0,0,1,560.0,1,True
628,2022-12-22 00:17:03,21140835,87346,51,50,14,3,174,5,9.333333333333334,586.0,3,1,66180.0,3,False
629,2022-12-22 06:41:09,25473943,87722,59,52,15,3,173,5,16.25,472.25,4,7,64040.0,3,False
630,2022-12-22 21:07:37,25491193,88333,68,50,42,5,215,0,,0.0,0,18,373450.0,0,True
631,2022-12-22 11:30:44,25886218,88051,2,1,0,1,87,0,,0.0,0,1,840.0,1,True
632,2022-12-22 09:31:54,26410825,87863,1,0,0,1,87,0,,0.0,0,1,280.0,1,False
633,2022-12-22 05:37:06,26827516,87581,5,1,1,1,158,0,,0.0,0,4,2260.0,3,True
634,2022-12-22 10:03:59,26967563,87910,10,9,0,1,87,0,,0.0,0,1,4200.0,1,False
635,2022-12-22 05:06:08,27147791,87487,1,0,2,1,167,0,,0.0,0,1,3680.0,3,True
636,2022-12-22 18:13:23,27222426,88192,87,80,20,3,189,0,,0.0,0,7,100140.0,3,False
637,2022-12-22 21:46:22,27544518,88427,75,66,17,3,173,0,,0.0,0,9,73410.0,0,False
638,2022-12-22 21:29:56,27684933,88380,25,25,6,2,98,0,,0.0,0,0,30860.0,1,False
639,2022-12-22 06:31:52,27709520,87675,90,74,32,4,215,0,,0.0,0,16,230200.0,0,False
640,2022-12-22 07:42:26,27780498,87769,18,7,9,2,173,0,,0.0,0,11,22580.0,3,False
641,2022-12-22 20:22:37,27816723,88286,1,1,0,1,0,0,,0.0,0,0,0.0,1,True
642,2022-12-22 11:27:58,27919441,88004,1,0,0,1,87,0,,0.0,0,1,280.0,1,False
643,2022-12-22 01:50:07,27993386,87393,31,23,7,2,173,0,,0.0,0,8,31760.0,3,True
644,2022-12-22 00:13:20,28039041,87299,10,5,0,1,87,0,,0.0,0,5,6160.0,1,False
645,2022-12-22 19:13:54,28072046,88239,20,18,11,3,164,0,,0.0,0,2,28020.0,3,False
646,2022-12-22 10:49:28,28079337,87957,16,8,8,2,173,1,,0.0,0,8,11080.0,3,True
647,2022-12-22 09:22:04,28080257,87816,6,2,0,1,87,0,,0.0,0,4,3920.0,1,True
648,2022-12-22 04:14:50,28103142,87440,1,1,0,1,0,0,,0.0,0,0,0.0,1,False
649,2022-12-22 17:35:58,28175270,88145,61,49,15,3,171,0,,0.0,0,12,48320.0,0,True
650,2022-12-23 14:28:29,16751929,89085,23,12,13,3,163,0,,0.0,0,11,36680.0,0,True
651,2022-12-23 22:02:23,18766154,89555,1,0,1,1,163,0,,0.0,0,1,1680.0,3,False
652,2022-12-23 11:40:29,19672768,88897,9,4,23,4,196,0,,0.0,0,5,169920.0,0,False
653,2022-12-23 16:16:22,20921668,89226,29,29,9,2,23,0,,0.0,0,0,23100.0,1,False
654,2022-12-23 02:32:16,22567548,88568,31,30,6,2,173,0,,0.0,0,1,11600.0,3,True
655,2022-12-23 01:53:22,22647220,88521,47,33,28,4,230,1,7.0,501.0,1,14,195250.0,0,False
656,2022-12-23 23:45:55,23374779,89696,2,2,0,1,0,0,,0.0,0,0,0.0,1,False
657,2022-12-23 09:53:44,24893216,88709,1,1,0,1,3,0,,0.0,0,0,280.0,1,True
658,2022-12-23 20:26:32,25480337,89414,13,8,5,2,171,0,,0.0,0,5,15200.0,3,False
659,2022-12-23 16:57:50,26665918,89320,64,62,15,3,173,0,,0.0,0,2,43260.0,3,False
660,2022-12-23 12:27:13,26777882,88944,48,34,23,4,235,0,,0.0,0,14,181190.0,0,True
661,2022-12-23 17:45:40,26783908,89367,19,15,10,2,168,0,,0.0,0,4,24780.0,3,False
662,2022-12-23 20:52:11,27078147,89508,1,1,0,1,2,0,,0.0,0,0,0.0,1,False
663,2022-12-23 15:48:22,27080033,89179,1,1,0,1,0,0,,0.0,0,0,0.0,1,True
664,2022-12-23 22:47:03,27090245,89602,1,0,1,1,166,0,,0.0,0,1,1680.0,3,True
665,2022-12-23 12:53:29,27182544,88991,21,14,1,1,165,0,,0.0,0,7,16220.0,3,False
666,2022-12-23 05:18:52,27420249,88615,1,1,0,1,3,0,,0.0,0,0,560.0,1,False
667,2022-12-23 09:57:45,27575568,88756,14,8,7,2,171,0,,0.0,0,6,18460.0,3,False
668,2022-12-23 20:30:01,27770539,89461,5,0,0,1,87,0,,0.0,0,5,280.0,1,False
669,2022-12-23 13:43:22,27873947,89038,10,10,2,1,11,0,,0.0,0,0,5940.0,1,False
670,2022-12-23 15:39:01,27916750,89132,40,38,20,3,173,0,,0.0,0,2,66240.0,3,True
671,2022-12-23 07:32:24,28030623,88662,19,12,9,2,171,0,,0.0,0,7,15560.0,3,True
672,2022-12-23 10:59:55,28165518,88850,67,56,28,4,182,0,,0.0,0,11,140800.0,0,True
673,2022-12-23 10:57:36,28209931,88803,22,21,5,2,170,0,,0.0,0,1,14820.0,3,False
674,2022-12-23 16:35:18,28291420,89273,16,10,2,1,173,0,,0.0,0,6,7640.0,3,False
675,2022-12-23 23:40:44,28292179,89649,5,1,0,1,87,0,,0.0,0,4,2520.0,1,True
676,2022-12-05 23:29:29,25669788,72071,38,32,7,2,169,0,,0.0,0,6,38640.0,3,True
677,2022-12-17 03:18:14,16264283,81988,1,1,0,1,9,0,,0.0,0,0,0.0,1,False
678,2022-12-17 19:24:42,19506593,82552,1,1,0,1,0,0,,0.0,0,0,0.0,1,True
679,2022-12-17 08:31:53,22755182,82176,11,4,6,2,168,0,,0.0,0,7,13480.0,3,True
680,2022-12-17 17:06:07,25516608,82270,87,74,12,3,170,0,,0.0,0,13,43740.0,0,False
681,2022-12-17 02:04:36,25694651,81894,45,38,10,2,161,0,,0.0,0,7,29480.0,3,False
682,2022-12-17 18:52:14,25732900,82458,1,0,0,1,86,0,,0.0,0,1,280.0,1,False
683,2022-12-17 17:22:59,25909310,82317,12,4,5,2,171,0,,0.0,0,8,11720.0,3,False
684,2022-12-17 23:09:39,26566949,82787,1,0,0,1,86,0,,0.0,0,1,840.0,1,False
685,2022-12-17 06:33:01,26610396,82129,21,13,7,2,171,0,,0.0,0,8,22240.0,3,True
686,2022-12-17 02:07:00,26798559,81941,70,67,24,4,168,0,,0.0,0,3,90320.0,3,False
687,2022-12-17 18:50:45,26816223,82411,6,3,7,2,163,0,,0.0,0,3,11360.0,3,False
688,2022-12-17 20:33:48,26964642,82693,1,1,0,1,0,0,,0.0,0,0,0.0,1,False
689,2022-12-17 00:53:45,26985480,81847,1,0,0,1,86,0,,0.0,0,1,280.0,1,True
690,2022-12-17 04:21:31,27151839,82035,45,44,7,2,171,0,,0.0,0,1,28440.0,3,True
691,2022-12-17 15:53:25,27154323,82223,2,2,0,1,1,0,,0.0,0,0,0.0,1,False
692,2022-12-17 17:42:58,27214744,82364,2,2,0,1,0,0,,0.0,0,0,0.0,1,False
693,2022-12-17 19:58:19,27220563,82599,16,4,5,2,169,0,,0.0,0,12,7440.0,3,False
694,2022-12-17 19:01:08,27255523,82505,44,44,13,3,131,0,,0.0,0,0,44860.0,3,True
695,2022-12-17 04:40:39,27283537,82082,13,4,1,1,166,0,,0.0,0,9,5920.0,3,False
696,2022-12-17 20:33:34,27293772,82646,47,34,14,3,170,0,,0.0,0,13,53860.0,0,False
697,2022-12-17 21:58:58,27369833,82740,8,8,0,1,0,0,,0.0,0,0,0.0,1,False
698,2022-11-08 16:03:14,15910336,53694,11,11,0,1,0,0,,0.0,0,0,0.0,1,True
699,2022-11-08 16:04:37,19704048,53741,19,19,5,2,14,0,,0.0,0,0,12260.0,1,True
700,2022-11-08 15:47:12,20564800,53647,35,24,5,2,171,0,,0.0,0,11,8460.0,3,False
701,2022-11-08 04:54:56,20808853,53318,2,2,0,1,68,0,,0.0,0,0,280.0,1,False
702,2022-11-08 05:45:54,20905131,53365,35,35,13,3,31,0,,0.0,0,0,73300.0,1,False
703,2022-11-08 20:18:49,21167400,53835,30,20,5,2,162,0,,0.0,0,10,12600.0,3,False
704,2022-11-08 12:09:32,21273177,53459,114,113,22,4,207,0,,0.0,0,1,134190.0,3,False
705,2022-11-08 11:53:46,21402115,53412,2,0,0,1,86,0,,0.0,0,2,560.0,1,False
706,2022-11-08 17:11:12,21422746,53788,1,1,0,1,68,0,,0.0,0,0,0.0,1,False
707,2022-11-08 12:53:34,21589657,53506,23,16,10,3,171,0,,0.0,0,7,36380.0,3,True
708,2022-11-08 13:20:33,21641775,53553,9,2,2,1,163,0,,0.0,0,7,6720.0,3,False
709,2022-11-08 15:06:08,21682393,53600,17,13,2,1,170,0,,0.0,0,4,5340.0,3,True
710,2022-11-30 12:39:21,16110689,66948,1,1,0,1,0,0,,0.0,0,0,0.0,1,False
711,2022-11-30 21:42:59,16622600,67465,31,24,4,2,168,0,,0.0,0,7,20300.0,3,False
712,2022-11-30 09:21:55,18417037,66713,25,23,8,2,170,0,,0.0,0,2,17740.0,3,False
713,2022-11-30 23:55:56,19520255,67559,29,26,11,3,169,0,,0.0,0,3,27960.0,3,False
714,2022-11-30 12:26:29,19830732,66901,63,52,13,3,171,0,,0.0,0,11,86500.0,0,True
715,2022-11-30 07:56:48,21053918,66666,19,13,15,3,170,0,,0.0,0,6,41720.0,3,False
716,2022-11-30 12:06:04,21140973,66854,12,6,2,1,170,0,,0.0,0,6,11560.0,3,False
717,2022-11-30 00:29:38,21158223,66431,16,10,4,2,167,0,,0.0,0,6,12920.0,3,False
718,2022-11-30 16:10:10,21162984,67089,4,3,2,1,170,0,,0.0,0,1,3380.0,3,False
719,2022-11-30 10:46:29,21623628,66760,42,29,11,3,167,0,,0.0,0,13,48780.0,0,False
720,2022-11-30 01:55:57,22350428,66525,193,190,17,3,186,6,12.333333333333334,523.3333333333334,3,3,112720.0,3,False
721,2022-11-30 16:34:27,22433481,67136,61,61,18,3,58,2,,0.0,0,0,121960.0,1,False
722,2022-11-30 21:18:24,22784944,67418,82,75,35,5,218,0,,0.0,0,7,247870.0,0,False
723,2022-11-30 20:15:57,22920506,67371,1,1,0,1,0,0,,0.0,0,0,0.0,1,False
724,2022-11-30 17:00:08,23704231,67230,2,2,0,1,0,0,,0.0,0,0,0.0,1,True
725,2022-11-30 17:53:34,24034994,67277,12,3,1,1,169,0,,0.0,0,9,2260.0,3,True
726,2022-11-30 23:54:08,24036926,67512,52,51,7,2,169,1,8.0,500.0,1,1,27700.0,3,False
727,2022-11-30 00:18:46,24051922,66384,11,7,4,1,169,0,,0.0,0,4,5640.0,3,False
728,2022-11-30 20:05:06,24137712,67324,96,76,56,6,227,1,14.0,463.0,1,20,566380.0,2,True
729,2022-11-30 06:12:05,24283624,66619,48,48,11,3,14,0,,0.0,0,0,23120.0,1,True
730,2022-11-30 00:46:30,24366332,66478,49,48,16,3,168,1,10.0,500.0,1,1,45260.0,3,False
731,2022-11-30 13:59:10,24477675,67042,58,52,20,3,211,0,,0.0,0,6,94620.0,3,False
732,2022-11-30 12:02:31,24491360,66807,47,36,24,4,171,0,,0.0,0,11,103500.0,0,True
733,2022-11-30 16:35:24,24507966,67183,56,56,20,3,67,0,,0.0,0,0,82900.0,1,True
734,2022-11-30 12:46:15,24667172,66995,49,48,13,3,171,0,,0.0,0,1,64240.0,3,False
735,2022-11-30 04:15:02,24699004,66572,124,115,24,4,171,0,,0.0,0,9,91100.0,0,True
736,2022-11-24 11:56:26,12545275,60039,1,0,0,1,86,0,,0.0,0,1,840.0,1,True
737,2022-11-24 01:32:34,13401312,59663,39,32,14,3,171,0,,0.0,0,7,48980.0,3,False
738,2022-11-24 05:31:29,20676120,59898,9,1,5,2,166,0,,0.0,0,8,14340.0,3,False
739,2022-11-24 01:46:03,20810072,59710,158,143,39,5,223,0,,0.0,0,15,326390.0,0,True
740,2022-11-24 20:14:27,20959434,60274,112,106,25,4,168,1,,0.0,0,6,102440.0,0,False
741,2022-11-24 19:34:03,21175289,60227,46,42,18,3,233,0,,0.0,0,4,135140.0,3,True
742,2022-11-24 04:21:19,21461984,59851,1,0,0,1,86,0,,0.0,0,1,0.0,1,False
743,2022-11-24 03:50:52,22175858,59804,30,23,9,2,170,1,12.0,458.0,1,7,20120.0,3,False
744,2022-11-24 08:31:38,22293020,59945,5,1,8,2,170,0,,0.0,0,4,11200.0,3,False
745,2022-11-24 17:02:43,22467130,60180,70,65,17,3,202,0,,0.0,0,5,131360.0,3,False
746,2022-11-24 16:06:24,22549838,60133,49,40,22,4,169,0,,0.0,0,9,97820.0,0,False
747,2022-11-24 03:18:59,22854703,59757,66,57,14,3,170,1,9.0,479.0,1,9,58020.0,3,False
748,2022-11-24 09:01:35,23361945,59992,135,124,25,4,171,0,,0.0,0,11,97820.0,0,False
749,2022-11-24 21:47:18,23756142,60321,17,17,0,1,0,0,,0.0,0,0,0.0,1,False
750,2022-11-24 15:38:17,23759385,60086,63,54,15,3,171,1,11.0,458.0,1,9,78100.0,0,False
751,2022-11-14 16:49:24,18981296,56044,83,81,30,4,171,0,,0.0,0,2,124660.0,3,True
752,2022-11-14 15:26:21,20400603,55997,18,18,1,1,40,0,,0.0,0,0,3640.0,1,False
753,2022-11-14 03:39:57,21132992,55856,22,13,16,3,169,0,,0.0,0,9,46320.0,3,True
754,2022-11-14 11:58:17,21143296,55903,73,67,20,3,168,0,,0.0,0,6,81040.0,3,True
755,2022-11-14 13:25:45,21151461,55950,19,13,5,2,168,0,,0.0,0,6,14340.0,3,True
756,2022-11-14 20:43:34,21443400,56138,2,1,0,1,86,0,,0.0,0,1,1960.0,1,True
757,2022-11-14 01:51:08,21949331,55762,46,42,10,2,170,0,,0.0,0,4,31140.0,3,True
758,2022-11-14 02:44:06,22263810,55809,92,91,37,5,230,0,,0.0,0,1,382000.0,0,False
759,2022-11-14 19:53:05,22290375,56091,1,0,0,1,86,0,,0.0,0,1,0.0,1,False
760,2022-12-11 03:00:45,11236897,77241,86,64,80,7,251,0,,0.0,0,22,1432603.0,2,True
761,2022-12-11 02:49:14,16912239,77194,1,0,0,1,85,0,,0.0,0,1,0.0,1,False
762,2022-12-11 03:11:06,17768391,77288,19,17,7,2,169,0,,0.0,0,2,17260.0,3,True
763,2022-12-11 09:51:37,19799107,77523,28,25,12,3,159,0,,0.0,0,3,34180.0,3,False
764,2022-12-11 10:50:03,20113034,77617,29,24,11,3,171,0,,0.0,0,5,32620.0,3,True
765,2022-12-11 08:42:30,22399119,77382,1,0,6,2,159,0,,0.0,0,1,8400.0,3,True
766,2022-12-11 08:56:29,23692593,77429,9,3,0,1,85,0,,0.0,0,6,3920.0,1,True
767,2022-12-11 09:31:48,24631568,77476,17,6,2,1,168,0,,0.0,0,11,7580.0,3,False
768,2022-12-11 07:48:47,25452369,77335,1,1,0,1,8,0,,0.0,0,0,840.0,1,False
769,2022-12-11 10:18:20,25695594,77570,43,38,21,3,170,1,,0.0,0,5,65080.0,3,False
770,2022-12-11 13:24:34,25977436,77711,14,10,3,1,169,0,,0.0,0,4,5720.0,3,False
771,2022-12-11 12:46:55,26310660,77664,47,44,15,3,171,0,,0.0,0,3,79320.0,3,False
772,2022-12-11 01:17:01,26323333,77147,120,97,79,7,270,0,,0.0,0,23,1271578.0,2,True
773,2022-12-11 00:04:05,26325518,77100,53,44,26,4,171,0,,0.0,0,9,126990.0,0,False
774,2022-12-11 15:11:55,22156009,77758,1,1,0,1,0,0,,0.0,0,0,0.0,1,True
775,2022-12-06 10:32:02,11687674,72635,3,1,0,1,86,0,,0.0,0,2,1400.0,1,False
776,2022-12-06 15:30:42,15910336,72917,117,108,60,6,225,0,,0.0,0,9,627643.0,2,True
777,2022-12-06 12:25:11,16213614,72776,1,1,0,1,0,0,,0.0,0,0,0.0,1,True
778,2022-12-06 15:38:11,18690392,72964,33,28,14,3,163,0,,0.0,0,5,40680.0,3,False
779,2022-12-06 19:53:59,19859229,73058,14,7,6,2,167,0,,0.0,0,7,16600.0,3,False
780,2022-12-06 03:53:30,19983498,72259,40,33,19,3,166,0,,0.0,0,7,74080.0,3,True
781,2022-12-06 05:36:58,20019838,72353,11,10,19,3,170,0,,0.0,0,1,57200.0,3,False
782,2022-12-06 19:50:47,21310966,73011,87,81,28,4,169,0,,0.0,0,6,105740.0,0,True
783,2022-12-06 06:33:59,23343683,72447,44,44,23,4,63,1,,0.0,0,0,82160.0,1,False
784,2022-12-06 11:56:11,23679253,72729,21,16,4,2,170,0,,0.0,0,5,14880.0,3,True
785,2022-12-06 06:22:33,24230218,72400,5,3,0,1,86,0,,0.0,0,2,1400.0,1,False
786,2022-12-06 11:50:50,24468889,72682,13,6,2,1,159,0,,0.0,0,7,20900.0,3,False
787,2022-12-06 00:55:20,24751421,72118,6,0,0,1,85,0,,0.0,0,6,3080.0,1,False
788,2022-12-06 01:02:57,24832335,72165,37,29,21,3,168,0,,0.0,0,8,85740.0,3,False
789,2022-12-06 22:43:09,24901795,73199,18,11,3,2,168,0,,0.0,0,7,15540.0,3,True
790,2022-12-06 02:52:25,25256271,72212,5,0,0,1,85,0,,0.0,0,5,2800.0,1,True
791,2022-12-06 13:07:30,25269427,72823,1,0,0,1,86,0,,0.0,0,1,280.0,1,False
792,2022-12-06 04:26:30,25294382,72306,23,16,0,1,85,0,,0.0,0,7,10640.0,1,True
793,2022-12-06 07:06:02,25297809,72494,16,5,3,2,171,0,,0.0,0,11,10220.0,3,True
794,2022-12-06 22:45:13,25345051,73246,2,2,0,1,0,0,,0.0,0,0,0.0,1,False
795,2022-12-06 09:45:17,25470148,72588,41,30,11,3,170,1,22.0,458.0,1,11,30780.0,0,False
796,2022-12-06 08:54:28,25501474,72541,44,40,20,3,170,1,,0.0,0,4,61580.0,3,True
797,2022-12-06 23:32:36,25642671,73340,39,31,20,3,167,0,,0.0,0,8,83520.0,3,False
798,2022-12-06 20:50:13,25707784,73105,13,5,3,2,170,0,,0.0,0,8,9020.0,3,False
799,2022-12-06 14:43:23,25736212,72870,62,53,18,3,225,0,,0.0,0,9,108700.0,0,True
800,2022-12-06 23:22:12,25756590,73293,9,7,1,1,167,0,,0.0,0,2,3980.0,3,False
801,2022-12-06 22:27:21,25757349,73152,17,10,7,2,171,0,,0.0,0,7,12520.0,3,False
802,2022-12-17 23:33:58,26961330,82834,8,5,11,3,168,0,,0.0,0,3,25240.0,3,False
803,2022-12-01 21:33:07,12457415,68405,1,1,0,1,1,0,,0.0,0,0,0.0,1,True
804,2022-12-01 11:09:56,15119136,67982,2,1,0,1,86,0,,0.0,0,1,1120.0,1,False
805,2022-12-01 19:34:47,16120717,68358,1,0,0,1,85,0,,0.0,0,1,1120.0,1,False
806,2022-12-01 01:36:58,17345099,67653,18,11,6,2,166,0,,0.0,0,7,13880.0,3,False
807,2022-12-01 22:19:44,20098406,68452,57,57,11,3,52,0,,0.0,0,0,31700.0,1,False
808,2022-12-01 19:19:28,22572792,68311,125,107,35,5,211,0,,0.0,0,18,302550.0,0,False
809,2022-12-01 03:05:54,22935870,67700,14,7,0,1,86,0,,0.0,0,7,5600.0,1,False
810,2022-12-01 13:16:49,23304399,68123,12,9,8,2,171,1,,0.0,0,3,22540.0,3,False
811,2022-12-01 14:14:08,23966661,68170,14,8,0,1,86,0,,0.0,0,6,4480.0,1,False
812,2022-12-01 13:02:49,24123705,68076,1,1,1,1,11,0,,0.0,0,0,1680.0,1,True
813,2022-12-01 11:58:55,24154387,68029,47,36,5,2,171,0,,0.0,0,11,16020.0,3,False
814,2022-12-01 01:06:06,24207540,67606,31,30,7,2,168,0,,0.0,0,1,27660.0,3,True
815,2022-12-01 03:16:51,24423027,67747,29,22,12,3,169,0,,0.0,0,7,62840.0,3,False
816,2022-12-01 15:26:31,24536095,68264,1,0,0,1,86,0,,0.0,0,1,560.0,1,False
817,2022-12-01 10:41:48,24596539,67888,38,32,8,2,171,0,,0.0,0,6,29540.0,3,True
818,2022-12-01 22:58:39,24631752,68499,12,12,0,1,0,0,,0.0,0,0,0.0,1,False
819,2022-12-01 04:45:09,24739346,67794,7,6,0,1,86,0,,0.0,0,1,7000.0,1,True
820,2022-12-01 10:43:07,24823917,67935,5,1,0,1,86,0,,0.0,0,4,3920.0,1,False
821,2022-12-01 09:51:34,24916147,67841,19,12,1,1,171,0,,0.0,0,7,10920.0,3,True
822,2022-12-01 15:06:08,24920517,68217,24,17,5,2,171,0,,0.0,0,7,14120.0,3,False
823,2022-12-01 23:58:52,24936180,68546,36,32,13,3,169,0,,0.0,0,4,59100.0,3,True
824,2022-11-19 09:54:15,13246936,57736,5,2,0,1,85,0,,0.0,0,3,560.0,1,True
825,2022-11-19 23:41:41,14499769,57971,15,9,15,3,171,0,,0.0,0,6,46420.0,3,True
826,2022-11-19 09:49:35,16379329,57689,1,0,0,1,85,0,,0.0,0,1,0.0,1,False
827,2022-11-19 03:12:47,20928108,57595,91,88,25,4,171,0,,0.0,0,3,105540.0,3,False
828,2022-11-19 22:33:05,21990846,57877,1,1,0,1,6,0,,0.0,0,0,0.0,1,False
829,2022-11-19 02:47:23,22066286,57548,11,2,0,1,86,0,,0.0,0,9,6720.0,1,False
830,2022-11-19 08:20:01,22318826,57642,44,35,15,3,169,0,,0.0,0,9,77850.0,3,False
831,2022-11-19 22:14:42,22640435,57830,29,26,6,2,170,0,,0.0,0,3,14600.0,3,True
832,2022-11-19 23:33:59,22655914,57924,230,212,37,5,222,1,4.0,602.0,1,18,277440.0,0,False
833,2022-11-19 10:51:08,22740393,57783,15,8,2,1,169,0,,0.0,0,7,21120.0,3,False
834,2022-11-25 13:34:54,11783262,60603,1,1,0,1,0,0,,0.0,0,0,0.0,1,True
835,2022-11-25 17:33:06,16676650,60838,2,2,0,1,0,0,,0.0,0,0,0.0,1,True
836,2022-11-25 13:16:55,19579825,60556,42,38,15,3,169,0,,0.0,0,4,57020.0,3,False
837,2022-11-25 05:56:39,20328268,60462,23,18,11,3,165,0,,0.0,0,5,29140.0,3,False
838,2022-11-25 15:41:11,20874863,60697,5,5,1,1,1,0,,0.0,0,0,1120.0,1,False
839,2022-11-25 01:52:32,21995078,60415,30,19,9,2,162,1,,0.0,0,11,20380.0,3,True
840,2022-11-25 21:45:43,22039537,61026,30,18,8,2,170,0,,0.0,0,12,10080.0,3,True
841,2022-11-25 20:32:02,22590134,60979,46,43,23,4,222,0,,0.0,0,3,143820.0,0,False
842,2022-11-25 16:36:53,22632592,60791,36,32,10,2,169,0,,0.0,0,4,32360.0,3,False
843,2022-11-25 15:32:19,22937503,60650,25,21,9,2,159,0,,0.0,0,4,13000.0,3,False
844,2022-11-25 15:53:02,23281491,60744,1,0,0,1,86,0,,0.0,0,1,280.0,1,False
845,2022-11-25 01:35:31,23298672,60368,43,43,6,2,23,0,,0.0,0,0,20560.0,1,False
846,2022-11-25 17:50:20,23331286,60885,30,19,6,2,169,0,,0.0,0,11,18280.0,3,False
847,2022-11-25 13:03:31,23724632,60509,56,49,28,4,231,0,,0.0,0,7,232650.0,0,True
848,2022-11-25 18:16:31,23817437,60932,98,86,23,3,168,1,12.0,500.0,1,12,80940.0,0,True
849,2022-11-25 22:04:01,23875673,61073,74,62,16,3,170,0,,0.0,0,12,49600.0,0,True
850,2022-11-14 23:17:23,21086555,56185,3,2,0,1,86,0,,0.0,0,1,3080.0,1,True
851,2022-11-04 23:08:06,20343057,52425,31,24,11,3,170,0,,0.0,0,7,34720.0,3,False
852,2022-11-25 23:15:24,23866404,61120,103,85,46,5,205,0,,0.0,0,18,603620.0,2,True
853,2022-11-09 06:36:19,18517685,53976,141,128,15,3,174,0,,0.0,0,13,101720.0,0,False
854,2022-11-09 04:52:45,18815788,53929,12,11,7,2,162,0,,0.0,0,1,19180.0,3,False
855,2022-11-09 14:16:57,18897415,54070,19,10,8,2,171,0,,0.0,0,9,28580.0,3,False
856,2022-11-09 22:02:29,20440278,54164,16,7,1,1,168,0,,0.0,0,9,5600.0,3,True
857,2022-11-09 09:28:49,20785301,54023,4,2,2,1,170,0,,0.0,0,2,3680.0,3,False
858,2022-11-09 22:08:06,20970244,54211,101,86,28,4,229,0,,0.0,0,15,215270.0,0,False
859,2022-11-09 14:20:45,21628642,54117,2,2,0,1,1,0,,0.0,0,0,0.0,1,False
860,2022-12-07 09:47:06,12457415,73622,1,1,0,1,0,0,,0.0,0,0,0.0,1,True
861,2022-12-07 22:07:04,22290812,73998,95,76,70,7,254,0,,0.0,0,19,1127469.0,2,False
862,2022-12-07 20:39:15,22632638,73951,64,63,40,5,215,1,16.0,441.0,1,1,246300.0,0,False
863,2022-12-07 18:42:25,23991225,73857,80,73,39,5,223,0,,0.0,0,7,266410.0,0,False
864,2022-12-07 18:17:50,24276931,73810,17,11,4,1,170,0,,0.0,0,6,9900.0,3,False
865,2022-12-07 08:49:58,24462541,73575,1,0,0,1,86,0,,0.0,0,1,0.0,1,False
866,2022-12-07 09:51:06,24666505,73669,82,63,75,7,271,0,,0.0,0,19,1389845.0,2,False
867,2022-12-07 00:44:06,25238814,73387,1,0,0,1,85,0,,0.0,0,1,0.0,1,False
868,2022-12-07 10:17:02,25317520,73716,98,85,36,5,213,0,,0.0,0,13,301890.0,0,False
869,2022-12-07 04:57:18,25523853,73481,64,62,14,3,169,0,,0.0,0,2,39020.0,3,False
870,2022-12-07 19:38:48,25654401,73904,27,23,8,2,167,0,,0.0,0,4,22580.0,3,False
871,2022-12-07 03:09:56,25702494,73434,9,3,1,1,168,0,,0.0,0,6,6540.0,3,True
872,2022-12-07 12:32:11,25761857,73763,57,57,14,3,116,2,18.0,500.0,1,0,67560.0,3,True
873,2022-12-07 06:55:19,25793022,73528,61,46,32,4,229,2,21.0,396.0,1,15,183180.0,0,False
874,2022-12-07 23:01:16,25907033,74045,3,3,0,1,0,0,,0.0,0,0,0.0,1,False
875,2022-11-26 02:48:04,10733818,61261,6,4,0,1,86,0,,0.0,0,2,2240.0,1,True
876,2022-11-26 06:10:57,16676650,61496,24,14,6,2,169,0,,0.0,0,10,14640.0,3,True
877,2022-11-26 20:57:55,17880148,62248,35,29,16,3,169,0,,0.0,0,6,56280.0,3,False
878,2022-11-26 05:51:33,18040044,61402,77,60,29,5,222,0,,0.0,0,17,341320.0,0,False
879,2022-11-26 11:03:44,18900244,61684,1,1,0,1,10,0,,0.0,0,0,0.0,1,False
880,2022-11-26 06:03:58,19024329,61449,109,97,35,5,219,0,,0.0,0,12,386200.0,0,False
881,2022-11-26 21:45:25,19584310,62295,1,1,0,1,0,0,,0.0,0,0,0.0,1,False
882,2022-11-26 16:12:17,20389494,61872,55,44,51,6,248,0,,0.0,0,11,703544.0,2,True
883,2022-11-26 02:39:50,21614520,61214,3,3,0,1,1,0,,0.0,0,0,560.0,1,False
884,2022-11-26 10:14:06,21628665,61590,72,64,23,4,170,0,,0.0,0,8,109100.0,0,True
885,2022-11-26 08:22:00,22497536,61543,76,72,28,4,221,0,,0.0,0,4,157900.0,0,True
886,2022-11-26 22:44:35,22590088,62389,42,38,4,2,162,0,,0.0,0,4,16540.0,3,False
887,2022-11-26 13:22:35,22864087,61731,16,8,5,2,170,0,,0.0,0,8,15340.0,3,False
888,2022-11-26 22:35:53,23821830,62342,56,46,43,5,232,1,19.0,410.0,1,10,383670.0,0,True
889,2022-11-26 20:55:00,23823256,62201,75,64,21,4,217,0,,0.0,0,11,121760.0,0,True
890,2022-11-26 13:24:06,23861781,61778,96,80,31,4,220,1,15.0,425.0,1,16,242600.0,0,True
891,2022-11-26 10:41:00,23872568,61637,102,92,21,3,170,0,,0.0,0,10,74740.0,0,True
892,2022-11-26 00:03:50,23891658,61167,8,2,2,1,171,0,,0.0,0,6,6860.0,3,True
893,2022-11-26 18:23:09,23910288,62013,37,29,13,3,168,0,,0.0,0,8,41680.0,3,True
894,2022-11-26 18:39:34,23926963,62060,87,79,16,3,169,0,,0.0,0,8,56840.0,3,True
895,2022-11-26 20:30:55,23927262,62154,57,53,20,3,169,0,,0.0,0,4,88940.0,3,True
896,2022-11-26 13:43:13,23930183,61825,91,82,20,3,170,0,,0.0,0,9,74820.0,0,True
897,2022-11-26 04:03:34,23970686,61355,53,49,31,4,225,1,16.0,422.0,1,4,191150.0,0,True
898,2022-11-26 03:45:56,23981427,61308,1,1,0,1,0,0,,0.0,0,0,0.0,1,True
899,2022-11-26 19:19:35,24011557,62107,15,5,4,2,169,0,,0.0,0,10,9720.0,3,False
900,2022-11-26 17:28:17,24019078,61966,13,6,0,1,85,0,,0.0,0,7,7840.0,1,True
901,2022-11-26 16:42:30,24078142,61919,7,3,0,1,85,0,,0.0,0,4,1400.0,1,False
902,2022-11-20 22:59:35,22462231,58582,42,37,13,3,169,0,,0.0,0,5,38880.0,3,False
903,2022-11-20 13:57:37,20611973,58300,20,8,7,2,166,0,,0.0,0,12,17180.0,3,True
904,2022-11-20 00:32:16,21388660,58065,31,25,14,3,169,0,,0.0,0,6,49520.0,3,False
905,2022-11-20 20:12:58,21486295,58488,7,2,15,3,169,0,,0.0,0,5,44740.0,3,False
906,2022-11-20 12:52:52,21847234,58206,78,66,24,4,169,0,,0.0,0,12,93040.0,0,False
907,2022-11-20 05:26:24,21954851,58159,22,22,5,2,15,0,,0.0,0,0,9020.0,1,False
908,2022-11-20 13:13:47,21989466,58253,3,1,0,1,85,0,,0.0,0,2,1120.0,1,False
909,2022-11-20 17:46:51,22112378,58441,2,2,0,1,5,0,,0.0,0,0,280.0,1,False
910,2022-11-20 20:28:24,22265420,58535,63,54,16,3,168,0,,0.0,0,9,52760.0,3,False
911,2022-11-20 16:23:30,22405513,58394,30,21,6,2,169,0,,0.0,0,9,41780.0,3,False
912,2022-11-20 15:00:25,22489348,58347,35,24,9,2,161,0,,0.0,0,11,26720.0,3,True
913,2022-11-20 00:10:46,22601358,58018,51,48,19,3,170,0,,0.0,0,3,99080.0,3,True
914,2022-11-20 04:28:07,22774709,58112,31,31,2,1,4,0,,0.0,0,0,4760.0,1,False
915,2022-11-15 01:50:48,20525401,56232,3,1,0,1,86,0,,0.0,0,2,2800.0,1,False
916,2022-11-15 18:58:15,21708613,56373,65,60,23,4,220,0,,0.0,0,5,171800.0,0,True
917,2022-11-15 13:59:29,22235750,56326,17,13,3,1,168,0,,0.0,0,4,10820.0,3,False
918,2022-11-15 09:51:35,22365056,56279,37,34,19,3,167,0,,0.0,0,3,64100.0,3,False
919,2022-12-02 14:05:08,11996541,69251,16,11,12,3,155,0,,0.0,0,5,31560.0,3,True
920,2022-12-02 11:29:42,15910336,68875,1,1,0,1,3,0,,0.0,0,0,0.0,1,True
921,2022-12-02 11:16:45,16355064,68828,8,8,3,1,14,0,,0.0,0,0,5120.0,1,False
922,2022-12-02 00:36:19,16884524,68593,155,142,27,4,218,0,,0.0,0,13,197820.0,0,True
923,2022-12-02 20:59:13,18360779,69627,1,1,0,1,0,0,,0.0,0,0,0.0,1,True
924,2022-12-02 16:07:34,19881930,69345,91,87,62,6,237,4,6.25,603.75,4,4,551660.0,0,False
925,2022-12-02 16:25:59,20514499,69392,7,5,0,1,86,0,,0.0,0,2,2240.0,1,False
926,2022-12-02 07:42:48,21057690,68734,24,12,8,2,170,0,,0.0,0,12,16220.0,3,True
927,2022-12-02 20:18:11,21976862,69533,38,25,15,3,168,0,,0.0,0,13,67000.0,0,False
928,2022-12-02 10:49:05,22690069,68781,1,0,0,1,86,0,,0.0,0,1,840.0,1,False
929,2022-12-02 04:15:35,23347409,68640,8,5,0,1,86,0,,0.0,0,3,3640.0,1,False
930,2022-12-02 05:15:41,23958657,68687,56,53,27,4,171,0,,0.0,0,3,96440.0,3,False
931,2022-12-02 13:37:00,23973469,69157,13,7,0,1,86,0,,0.0,0,6,4200.0,1,False
932,2022-12-02 18:59:39,24043274,69486,55,48,12,3,171,0,,0.0,0,7,45340.0,3,True
933,2022-12-02 12:57:08,24548170,69110,39,39,18,3,84,0,,0.0,0,0,59860.0,1,True
934,2022-12-02 14:39:11,24555553,69298,3,3,1,1,8,0,,0.0,0,0,2280.0,1,False
935,2022-12-02 12:01:01,24631752,69016,154,138,31,4,218,0,,0.0,0,16,229240.0,0,False
936,2022-12-02 13:54:06,24836820,69204,2,2,3,1,40,0,,0.0,0,0,3980.0,1,False
937,2022-12-02 11:51:06,24883188,68969,13,6,3,2,170,0,,0.0,0,7,18020.0,3,False
938,2022-12-02 12:49:37,24962492,69063,15,12,6,2,170,0,,0.0,0,3,11300.0,3,False
939,2022-12-02 16:53:05,25021602,69439,10,4,0,1,86,0,,0.0,0,6,5880.0,1,True
940,2022-12-02 20:42:39,25037587,69580,12,6,11,3,166,0,,0.0,0,6,29860.0,3,False
941,2022-12-02 11:43:01,25090395,68922,36,30,9,2,171,0,,0.0,0,6,36740.0,3,False
942,2022-11-04 18:26:21,13834816,52143,101,94,28,4,219,1,17.0,423.0,1,7,150760.0,0,False
943,2022-11-04 17:20:41,16974523,52049,89,77,28,4,168,0,,0.0,0,12,131760.0,0,True
944,2022-11-04 18:51:04,17153739,52190,1,1,0,1,5,0,,0.0,0,0,280.0,1,True
945,2022-11-04 20:45:43,19026836,52284,26,23,9,2,170,0,,0.0,0,3,18800.0,3,False
946,2022-11-04 03:09:15,19143170,51767,42,40,16,3,165,0,,0.0,0,2,50300.0,3,False
947,2022-11-04 17:20:55,20136540,52096,1,0,0,1,86,0,,0.0,0,1,280.0,1,False
948,2022-11-04 20:20:20,20141807,52237,1,1,0,1,0,0,,0.0,0,0,0.0,1,False
949,2022-11-04 06:20:46,20317251,51814,2,0,0,1,86,0,,0.0,0,2,280.0,1,False
950,2022-11-04 15:09:09,20539339,52002,57,50,16,3,171,0,,0.0,0,7,57680.0,3,False
951,2022-11-04 14:21:02,20697556,51908,1,1,0,1,2,0,,0.0,0,0,560.0,1,False
952,2022-11-04 06:38:46,20745281,51861,50,47,7,2,165,0,,0.0,0,3,17460.0,3,False
953,2022-11-04 15:06:56,20805380,51955,4,0,0,1,86,0,,0.0,0,4,840.0,1,True
954,2022-11-04 22:11:53,21186697,52378,24,17,9,2,170,0,,0.0,0,7,24600.0,3,True
955,2022-11-04 21:26:06,21386981,52331,39,27,9,3,171,0,,0.0,0,12,38140.0,0,False
956,2022-11-10 01:09:53,15188366,54352,5,3,0,1,86,0,,0.0,0,2,1120.0,1,False
957,2022-11-10 02:27:09,18917103,54399,59,58,10,3,171,0,,0.0,0,1,38460.0,3,False
958,2022-11-10 21:57:25,19510779,54634,4,4,0,1,37,0,,0.0,0,0,2240.0,1,False
959,2022-11-10 14:08:17,19582240,54540,14,14,2,1,8,0,,0.0,0,0,7380.0,1,False
960,2022-11-10 13:18:37,20594240,54493,16,7,11,3,168,0,,0.0,0,9,31280.0,3,False
961,2022-11-10 16:18:24,20755700,54587,35,28,14,3,170,0,,0.0,0,7,48220.0,3,False
962,2022-11-10 00:36:45,21310943,54258,14,6,3,1,171,0,,0.0,0,8,7320.0,3,False
963,2022-11-10 01:03:53,21778372,54305,6,1,8,2,171,0,,0.0,0,5,19600.0,3,False
964,2022-11-10 06:56:10,21945697,54446,41,35,14,3,169,0,,0.0,0,6,88500.0,3,False
